,, 2021 Population Estimate,Violent Crime,,Property Crime,,Other Crime,,Murder and Non-Negligent Manslaughter,,,,,,Forcible Sex Offenses,,,,,,Robbery,,,,,,Aggravated Assault,,,,,,Burglary,,,,,,Larceny - Pocket Picking,,,,,,Larceny - Purse Snatching,,,,,,Larceny - Shoplifting,,,,,,Larceny - From Motor Vehicle,,,,,,Larceny - Motor Vehicle Parts,,,,,,Larceny - From Building,,,,,,Larceny - Coin-Operated Machine,,,,,,Larceny - All Other,,,,,,Motor Vehicle Theft,,,,,,Negligent Manslaughter,,,,,,Arson,,,,,,Simple Assault,,,,,,Stalking,,,,,,Intimidation,,,,,,Kidnapping/Abduction,,,,,,Drug Offenses,,,,,,Bribery,,,,,,Embezzlement,,,,,,Fraud,,,,,,Counterfeiting/Forgery,,,,,,Extortion/Blackmail,,,,,,Prostitutition,,,,,,Non-Forcible Sex Offenses,,,,,,Stolen Property Offenses,,,,,,Destruction/Damage/Vandalism,,,,,,Gambling Offenses,,,,,,Weapons Offenses,,,,,,Identity Theft,,,,,,Hacking/Computer Invasion,,,,,,Human Trafficking - Commercial Sex Acts,,,,,,Human Trafficking - Involuntary Servitude,,,,,,Animal Cruelty,,,,,
County,Agency Name,,Year to Date,Annual Rate,Year to Date,Annual Rate,Year to Date,Annual Rate,2021 Q1,2021 Q2,2021 Q3,2021 Q4,Year to Date,Annual Rate,2021 Q1,2021 Q2,2021 Q3,2021 Q4,Year to Date,Annual Rate,2021 Q1,2021 Q2,2021 Q3,2021 Q4,Year to Date,Annual Rate,2021 Q1,2021 Q2,2021 Q3,2021 Q4,Year to Date,Annual Rate,2021 Q1,2021 Q2,2021 Q3,2021 Q4,Year to Date,Annual Rate,2021 Q1,2021 Q2,2021 Q3,2021 Q4,Year to Date,Annual Rate,2021 Q1,2021 Q2,2021 Q3,2021 Q4,Year to Date,Annual Rate,2021 Q1,2021 Q2,2021 Q3,2021 Q4,Year to Date,Annual Rate,2021 Q1,2021 Q2,2021 Q3,2021 Q4,Year to Date,Annual Rate,2021 Q1,2021 Q2,2021 Q3,2021 Q4,Year to Date,Annual Rate,2021 Q1,2021 Q2,2021 Q3,2021 Q4,Year to Date,Annual Rate,2021 Q1,2021 Q2,2021 Q3,2021 Q4,Year to Date,Annual Rate,2021 Q1,2021 Q2,2021 Q3,2021 Q4,Year to Date,Annual Rate,2021 Q1,2021 Q2,2021 Q3,2021 Q4,Year to Date,Annual Rate,2021 Q1,2021 Q2,2021 Q3,2021 Q4,Year to Date,Annual Rate,2021 Q1,2021 Q2,2021 Q3,2021 Q4,Year to Date,Annual Rate,2021 Q1,2021 Q2,2021 Q3,2021 Q4,Year to Date,Annual Rate,2021 Q1,2021 Q2,2021 Q3,2021 Q4,Year to Date,Annual Rate,2021 Q1,2021 Q2,2021 Q3,2021 Q4,Year to Date,Annual Rate,2021 Q1,2021 Q2,2021 Q3,2021 Q4,Year to Date,Annual Rate,2021 Q1,2021 Q2,2021 Q3,2021 Q4,Year to Date,Annual Rate,2021 Q1,2021 Q2,2021 Q3,2021 Q4,Year to Date,Annual Rate,2021 Q1,2021 Q2,2021 Q3,2021 Q4,Year to Date,Annual Rate,2021 Q1,2021 Q2,2021 Q3,2021 Q4,Year to Date,Annual Rate,2021 Q1,2021 Q2,2021 Q3,2021 Q4,Year to Date,Annual Rate,2021 Q1,2021 Q2,2021 Q3,2021 Q4,Year to Date,Annual Rate,2021 Q1,2021 Q2,2021 Q3,2021 Q4,Year to Date,Annual Rate,2021 Q1,2021 Q2,2021 Q3,2021 Q4,Year to Date,Annual Rate,2021 Q1,2021 Q2,2021 Q3,2021 Q4,Year to Date,Annual Rate,2021 Q1,2021 Q2,2021 Q3,2021 Q4,Year to Date,Annual Rate,2021 Q1,2021 Q2,2021 Q3,2021 Q4,Year to Date,Annual Rate,2021 Q1,2021 Q2,2021 Q3,2021 Q4,Year to Date,Annual Rate,2021 Q1,2021 Q2,2021 Q3,2021 Q4,Year to Date,Annual Rate,2021 Q1,2021 Q2,2021 Q3,2021 Q4,Year to Date,Annual Rate,2021 Q1,2021 Q2,2021 Q3,2021 Q4,Year to Date,Annual Rate,2021 Q1,2021 Q2,2021 Q3,2021 Q4,Year to Date,Annual Rate,2021 Q1,2021 Q2,2021 Q3,2021 Q4,Year to Date,Annual Rate
Alachua,University of Florida Police Department,0,0,--,10,--,9,--,0,0,0,0,0,--,0,0,0,0,0,--,0,0,0,0,0,--,0,0,0,0,0,--,1,0,1,0,2,--,0,0,0,0,0,--,0,0,0,0,0,--,0,0,0,0,0,--,0,0,0,0,0,--,1,0,0,0,1,--,1,0,0,0,1,--,0,0,0,0,0,--,3,1,2,0,6,--,0,0,0,0,0,--,0,0,0,0,0,--,0,0,0,0,0,--,0,0,0,3,3,--,1,0,0,1,2,--,0,0,0,0,0,--,0,0,0,0,0,--,0,0,0,0,0,--,0,0,0,0,0,--,0,0,0,0,0,--,0,0,1,0,1,--,0,0,0,3,3,--,0,0,0,0,0,--,0,0,0,0,0,--,0,0,0,0,0,--,0,0,0,0,0,--,0,0,0,0,0,--,0,0,0,0,0,--,0,0,0,0,0,--,0,0,0,0,0,--,0,0,0,0,0,--,0,0,0,0,0,--,0,0,0,0,0,--,0,0,0,0,0,--
Baker,Baker County Sheriff's Office,"28,692",54,188.2,196,683.1,367,1279.1,0,0,0,0,0,0.0,1,1,2,1,5,17.4,0,0,0,0,0,0.0,9,16,7,17,49,170.8,5,5,3,4,17,59.2,0,0,0,0,0,0.0,0,0,0,0,0,0.0,12,18,5,10,45,156.8,10,2,5,23,40,139.4,4,2,9,4,19,66.2,1,1,0,0,2,7.0,0,0,0,0,0,0.0,11,12,14,18,55,191.7,6,2,5,5,18,62.7,0,0,0,0,0,0.0,0,0,0,0,0,0.0,23,33,23,31,110,383.4,0,0,0,0,0,0.0,3,4,2,2,11,38.3,0,2,1,0,3,10.5,39,46,30,67,182,634.3,0,0,0,0,0,0.0,0,0,0,0,0,0.0,2,4,5,4,15,52.3,1,1,4,10,16,55.8,0,0,0,0,0,0.0,0,0,0,0,0,0.0,0,0,0,0,0,0.0,1,1,0,0,2,7.0,2,1,4,4,11,38.3,0,0,0,0,0,0.0,3,7,2,4,16,55.8,0,0,0,0,0,0.0,0,0,0,1,1,3.5,0,0,0,0,0,0.0,0,0,0,0,0,0.0,0,0,0,0,0,0.0
Brevard,Palm Bay Police Department,"122,765",424,345.4,"1,428",1163.2,"3,759",3061.9,3,0,0,3,6,4.9,38,38,19,27,122,99.4,12,11,7,6,36,29.3,70,61,62,67,260,211.8,45,49,45,50,189,154.0,2,0,0,1,3,2.4,1,0,0,0,1,0.8,34,28,16,34,112,91.2,167,67,71,59,364,296.5,34,27,37,29,127,103.4,45,44,28,37,154,125.4,1,0,0,0,1,0.8,88,86,92,112,378,307.9,22,26,18,33,99,80.6,1,2,1,1,5,4.1,0,0,1,0,1,0.8,430,400,376,489,"1,695",1380.7,1,0,3,0,4,3.3,9,12,26,16,63,51.3,8,14,0,4,26,21.2,271,346,229,260,"1,106",900.9,0,0,0,0,0,0.0,4,2,3,4,13,10.6,149,99,105,118,471,383.7,10,9,7,11,37,30.1,4,4,1,3,12,9.8,0,0,0,0,0,0.0,6,9,9,14,38,31.0,5,5,2,3,15,12.2,14,26,17,30,87,70.9,0,0,0,0,0,0.0,25,26,17,23,91,74.1,32,8,18,28,86,70.1,2,1,0,1,4,3.3,0,0,0,0,0,0.0,0,0,0,0,0,0.0,1,1,3,0,5,4.1
Charlotte,Charlotte County Sheriff's Office,"170,933",241,141.0,"1,419",830.1,"4,177",2443.6,1,1,0,0,2,1.2,13,10,10,5,38,22.2,5,1,6,4,16,9.4,35,69,41,40,185,108.2,50,44,47,54,195,114.1,0,0,0,0,0,0.0,0,0,0,1,1,0.6,77,48,75,65,265,155.0,57,70,69,39,235,137.5,6,1,10,23,40,23.4,19,36,25,42,122,71.4,0,0,0,0,0,0.0,119,113,107,94,433,253.3,37,36,28,27,128,74.9,0,0,0,0,0,0.0,6,1,2,0,9,5.3,230,300,248,259,"1,037",606.7,3,0,1,0,4,2.3,1,7,11,1,20,11.7,2,1,3,2,8,4.7,662,625,509,389,"2,185",1278.3,0,0,0,1,1,0.6,6,5,9,9,29,17.0,133,104,82,90,409,239.3,14,23,7,12,56,32.8,1,0,0,1,2,1.2,0,0,0,0,0,0.0,7,5,3,4,19,11.1,2,4,7,6,19,11.1,66,48,58,55,227,132.8,0,0,0,0,0,0.0,39,20,35,28,122,71.4,0,1,14,13,28,16.4,0,0,0,0,0,0.0,2,0,0,0,2,1.2,0,0,0,0,0,0.0,0,0,0,0,0,0.0
Collier,Collier County Sheriff's Office,"347,408",833,239.8,"2,823",812.6,"6,562",1888.8,1,0,0,2,3,0.9,29,41,26,25,121,34.8,24,21,20,25,90,25.9,143,182,138,156,619,178.2,65,79,60,48,252,72.5,1,3,4,1,9,2.6,0,0,0,0,0,0.0,69,64,110,83,326,93.8,148,102,96,60,406,116.9,33,58,42,54,187,53.8,97,104,117,135,453,130.4,0,0,2,1,3,0.9,279,203,230,218,930,267.7,65,68,67,57,257,74.0,0,0,0,0,0,0.0,2,1,4,6,13,3.7,630,632,646,726,"2,634",758.2,20,23,28,32,103,29.6,10,15,8,14,47,13.5,6,5,3,4,18,5.2,426,488,442,488,"1,844",530.8,0,0,1,0,1,0.3,7,12,12,14,45,13.0,215,192,183,223,813,234.0,11,14,22,16,63,18.1,1,0,3,1,5,1.4,0,0,0,0,0,0.0,7,8,7,6,28,8.1,6,6,1,4,17,4.9,138,165,186,169,658,189.4,0,0,0,0,0,0.0,51,45,33,35,164,47.2,21,24,19,23,87,25.0,3,2,0,1,6,1.7,0,2,0,0,2,0.6,0,0,0,0,0,0.0,4,7,2,1,14,4.0
Collier,Marco Island Police Department,"16,086",18,111.9,104,646.5,121,752.2,0,0,0,0,0,0.0,4,2,1,2,9,55.9,0,0,0,0,0,0.0,2,4,3,0,9,55.9,1,2,1,0,4,24.9,1,0,0,0,1,6.2,0,0,0,0,0,0.0,3,6,2,3,14,87.0,4,4,8,0,16,99.5,0,0,1,0,1,6.2,0,0,0,0,0,0.0,0,0,0,0,0,0.0,15,19,13,11,58,360.6,0,6,2,2,10,62.2,0,0,0,0,0,0.0,0,0,0,0,0,0.0,8,12,16,14,50,310.8,0,1,0,0,1,6.2,0,0,0,1,1,6.2,0,1,0,0,1,6.2,3,8,1,1,13,80.8,0,0,0,0,0,0.0,0,0,0,0,0,0.0,3,4,3,4,14,87.0,0,1,0,1,2,12.4,2,0,0,0,2,12.4,0,0,0,0,0,0.0,0,0,0,0,0,0.0,0,0,0,0,0,0.0,10,7,8,10,35,217.6,0,0,0,0,0,0.0,0,0,0,0,0,0.0,0,0,0,0,0,0.0,0,1,0,0,1,6.2,0,0,0,0,0,0.0,0,0,0,0,0,0.0,0,0,0,1,1,6.2
Duval,Atlantic Beach Police Department,"13,519",26,192.3,169,1250.1,350,2588.9,0,0,0,0,0,0.0,2,2,1,0,5,37.0,0,0,2,0,2,14.8,7,3,6,3,19,140.5,3,4,6,1,14,103.6,0,0,0,0,0,0.0,0,0,0,0,0,0.0,3,1,2,6,12,88.8,6,3,9,5,23,170.1,1,1,2,0,4,29.6,1,0,2,0,3,22.2,0,0,0,0,0,0.0,18,26,23,21,88,650.9,5,8,9,3,25,184.9,0,0,0,0,0,0.0,0,0,1,0,1,7.4,29,20,25,14,88,650.9,1,0,1,0,2,14.8,1,1,0,0,2,14.8,0,0,0,0,0,0.0,33,22,22,38,115,850.7,0,0,0,0,0,0.0,0,0,0,1,1,7.4,7,3,7,5,22,162.7,3,2,1,0,6,44.4,0,0,0,0,0,0.0,0,0,0,0,0,0.0,0,0,0,0,0,0.0,0,0,2,0,2,14.8,23,20,14,23,80,591.8,0,0,0,0,0,0.0,4,3,1,5,13,96.2,6,5,4,3,18,133.1,0,0,0,0,0,0.0,0,0,0,0,0,0.0,0,0,0,0,0,0.0,0,0,0,0,0,0.0
Duval,Duval County School Police Department,0,150,--,177,--,"2,223",--,0,0,0,0,0,--,15,20,17,11,63,--,3,0,1,2,6,--,21,14,24,22,81,--,7,10,21,23,61,--,0,2,0,0,2,--,0,0,0,1,1,--,0,0,0,0,0,--,1,2,2,2,7,--,0,0,0,0,0,--,8,12,7,15,42,--,1,0,0,0,1,--,10,13,11,27,61,--,1,1,0,0,2,--,0,0,0,0,0,--,1,1,0,0,2,--,157,326,460,651,"1,594",--,0,0,0,0,0,--,63,56,50,82,251,--,0,0,0,0,0,--,77,49,33,52,211,--,0,0,0,0,0,--,0,0,0,0,0,--,0,1,0,0,1,--,0,0,1,0,1,--,0,0,1,0,1,--,0,0,0,0,0,--,2,0,0,0,2,--,0,0,0,0,0,--,30,25,27,35,117,--,0,0,0,0,0,--,13,12,8,9,42,--,0,0,1,0,1,--,0,0,0,0,0,--,0,0,0,0,0,--,0,0,0,0,0,--,0,0,0,0,0,--
Duval,Jacksonville Aviation Authority PD,0,0,--,3,--,32,--,0,0,0,0,0,--,0,0,0,0,0,--,0,0,0,0,0,--,0,0,0,0,0,--,0,0,0,0,0,--,0,0,0,0,0,--,0,0,0,0,0,--,0,0,0,0,0,--,0,0,0,0,0,--,0,0,0,0,0,--,0,0,0,0,0,--,0,0,0,0,0,--,0,0,0,1,1,--,0,0,0,2,2,--,0,0,0,0,0,--,0,0,0,0,0,--,0,0,0,0,0,--,0,0,0,0,0,--,0,0,0,0,0,--,0,0,0,0,0,--,5,6,10,4,25,--,0,0,0,0,0,--,0,0,0,0,0,--,0,1,0,4,5,--,0,0,0,0,0,--,0,0,0,0,0,--,0,0,0,0,0,--,0,0,0,0,0,--,0,0,0,0,0,--,0,0,0,0,0,--,0,0,0,0,0,--,0,0,2,0,2,--,0,0,0,0,0,--,0,0,0,0,0,--,0,0,0,0,0,--,0,0,0,0,0,--,0,0,0,0,0,--
Duval,Jacksonville Sheriff's Office,"971,956","7,055",725.9,"24,784",2549.9,"35,118",3613.1,30,25,33,22,110,11.3,162,177,147,157,643,66.2,241,184,237,225,887,91.3,"1,135","1,562","1,396","1,322","5,415",557.1,725,717,798,862,"3,102",319.2,16,11,7,18,52,5.4,13,5,5,5,28,2.9,"1,449","1,317","1,232","1,594","5,592",575.3,"1,377","1,478","1,697","1,663","6,215",639.4,62,100,110,125,397,40.8,120,129,128,128,505,52.0,3,4,5,2,14,1.4,"1,336","1,446","1,526","1,535","5,843",601.2,682,680,895,779,"3,036",312.4,3,1,2,1,7,0.7,17,20,14,25,76,7.8,"2,977","3,615","3,703","3,439","13,734",1413.0,44,59,42,49,194,20.0,327,381,429,410,"1,547",159.2,47,77,74,83,281,28.9,"1,948","1,852","1,544","1,671","7,015",721.7,3,0,1,0,4,0.4,39,62,74,90,265,27.3,485,422,447,453,"1,807",185.9,113,86,121,100,420,43.2,4,9,9,13,35,3.6,19,34,25,50,128,13.2,25,32,21,23,101,10.4,48,48,79,63,238,24.5,"1,417","1,628","1,630","1,603","6,278",645.9,1,0,1,0,2,0.2,645,653,679,651,"2,628",270.4,145,66,28,30,269,27.7,5,9,4,4,22,2.3,3,0,3,3,9,0.9,0,0,0,0,0,0.0,10,11,17,20,58,6.0
Duval,Neptune Beach Police Department,"7,259",2,27.6,6,82.7,26,358.2,0,0,0,0,0,0.0,0,0,0,0,0,0.0,0,0,0,0,0,0.0,0,0,1,1,2,27.6,0,0,0,0,0,0.0,0,0,0,0,0,0.0,0,0,0,0,0,0.0,0,0,0,0,0,0.0,0,0,1,0,1,13.8,0,0,0,0,0,0.0,0,0,0,0,0,0.0,0,0,0,0,0,0.0,0,1,1,2,4,55.1,1,0,0,0,1,13.8,0,0,0,0,0,0.0,0,0,0,0,0,0.0,2,0,1,1,4,55.1,0,0,0,0,0,0.0,0,0,0,0,0,0.0,0,0,0,0,0,0.0,3,4,6,0,13,179.1,0,0,0,0,0,0.0,0,0,0,0,0,0.0,0,0,1,0,1,13.8,0,0,0,1,1,13.8,0,0,0,0,0,0.0,0,0,0,0,0,0.0,0,0,0,0,0,0.0,0,0,0,0,0,0.0,1,0,1,1,3,41.3,0,0,0,0,0,0.0,1,1,1,0,3,41.3,0,0,0,1,1,13.8,0,0,0,0,0,0.0,0,0,0,0,0,0.0,0,0,0,0,0,0.0,0,0,0,0,0,0.0
Gilchrist,Gilchrist County Sheriff's Office,"16,061",4,24.9,17,105.8,26,161.9,0,0,0,0,0,0.0,0,0,1,2,3,18.7,0,0,0,0,0,0.0,0,0,0,1,1,6.2,2,1,0,8,11,68.5,0,0,0,0,0,0.0,0,0,0,0,0,0.0,0,0,0,0,0,0.0,0,0,0,0,0,0.0,0,0,0,0,0,0.0,0,0,0,0,0,0.0,0,0,0,0,0,0.0,0,1,0,5,6,37.4,0,0,0,0,0,0.0,0,0,0,0,0,0.0,0,0,0,0,0,0.0,2,0,1,6,9,56.0,0,0,0,0,0,0.0,0,0,0,0,0,0.0,0,0,0,0,0,0.0,5,1,0,2,8,49.8,0,0,0,0,0,0.0,0,0,0,0,0,0.0,0,0,0,0,0,0.0,0,0,0,1,1,6.2,0,0,0,0,0,0.0,0,0,0,0,0,0.0,0,0,0,0,0,0.0,0,0,0,0,0,0.0,1,1,0,3,5,31.1,0,0,0,0,0,0.0,2,1,0,0,3,18.7,0,0,0,0,0,0.0,0,0,0,0,0,0.0,0,0,0,0,0,0.0,0,0,0,0,0,0.0,0,0,0,0,0,0.0
Hamilton,Hamilton County Sheriff's Office,"8,885",6,67.5,13,146.3,79,889.1,0,0,0,0,0,0.0,0,0,0,0,0,0.0,0,0,0,0,0,0.0,1,0,1,4,6,67.5,3,0,3,0,6,67.5,0,0,0,0,0,0.0,0,0,0,0,0,0.0,0,0,1,0,1,11.3,2,0,0,0,2,22.5,0,1,0,0,1,11.3,0,0,0,1,1,11.3,0,0,0,0,0,0.0,2,0,0,0,2,22.5,0,0,0,0,0,0.0,0,0,0,0,0,0.0,0,0,0,0,0,0.0,3,1,0,4,8,90.0,0,0,0,0,0,0.0,0,0,0,1,1,11.3,0,0,0,2,2,22.5,15,16,5,16,52,585.3,0,0,0,0,0,0.0,0,0,0,0,0,0.0,0,0,0,1,1,11.3,0,0,0,0,0,0.0,0,0,0,0,0,0.0,0,0,0,0,0,0.0,0,0,0,0,0,0.0,0,0,0,0,0,0.0,5,0,0,2,7,78.8,0,0,0,2,2,22.5,2,2,0,2,6,67.5,0,0,0,0,0,0.0,0,0,0,0,0,0.0,0,0,0,0,0,0.0,0,0,0,0,0,0.0,0,0,0,0,0,0.0
Hendry,Clewiston Police Department,"7,368",6,81.4,4,54.3,62,841.5,0,0,0,0,0,0.0,0,0,1,0,1,13.6,0,0,0,0,0,0.0,0,1,1,3,5,67.9,0,0,0,0,0,0.0,0,0,0,0,0,0.0,0,0,0,0,0,0.0,0,0,0,0,0,0.0,1,0,0,0,1,13.6,0,0,0,0,0,0.0,0,0,0,0,0,0.0,0,0,0,0,0,0.0,1,1,1,0,3,40.7,0,0,0,0,0,0.0,0,2,0,0,2,27.1,0,0,0,0,0,0.0,4,6,6,3,19,257.9,0,0,0,0,0,0.0,0,0,0,0,0,0.0,0,0,0,0,0,0.0,8,6,11,7,32,434.3,0,0,0,0,0,0.0,0,0,0,0,0,0.0,1,3,0,0,4,54.3,1,0,1,0,2,27.1,0,0,0,0,0,0.0,0,0,0,0,0,0.0,0,1,1,0,2,27.1,0,0,0,0,0,0.0,0,0,0,0,0,0.0,0,0,0,0,0,0.0,0,0,0,1,1,13.6,0,0,0,0,0,0.0,0,0,0,0,0,0.0,0,0,0,0,0,0.0,0,0,0,0,0,0.0,0,0,0,0,0,0.0
Hendry,Hendry County Sheriff's Office,"33,172",78,235.1,238,717.5,679,2046.9,0,1,0,0,1,3.0,5,3,6,3,17,51.2,1,0,0,1,2,6.0,9,22,9,18,58,174.8,18,19,20,27,84,253.2,0,0,0,0,0,0.0,0,0,0,0,0,0.0,5,2,5,1,13,39.2,7,9,9,4,29,87.4,0,0,0,1,1,3.0,3,3,5,4,15,45.2,0,0,0,0,0,0.0,11,32,22,26,91,274.3,0,2,1,2,5,15.1,0,0,0,0,0,0.0,0,0,0,1,1,3.0,37,77,53,38,205,618.0,0,0,1,0,1,3.0,0,1,2,8,11,33.2,0,1,1,0,2,6.0,76,57,54,42,229,690.3,0,0,0,0,0,0.0,0,0,0,0,0,0.0,9,9,9,10,37,111.5,9,6,10,9,34,102.5,0,0,0,0,0,0.0,1,0,0,0,1,3.0,1,1,2,0,4,12.1,0,0,0,1,1,3.0,25,29,20,33,107,322.6,0,0,0,0,0,0.0,8,9,9,9,35,105.5,0,2,0,0,2,6.0,0,0,0,1,1,3.0,1,0,0,0,1,3.0,0,0,0,0,0,0.0,1,2,2,2,7,21.1
Hernando,City of Brooksville,"9,165",58,632.8,195,2127.7,438,4779.1,0,1,0,0,1,10.9,2,2,2,2,8,87.3,2,1,2,0,5,54.6,9,14,7,14,44,480.1,2,6,4,5,17,185.5,0,0,0,0,0,0.0,0,0,1,0,1,10.9,12,6,19,29,66,720.1,1,8,5,3,17,185.5,2,5,2,3,12,130.9,7,6,6,5,24,261.9,0,0,1,0,1,10.9,10,10,7,11,38,414.6,4,5,5,5,19,207.3,0,0,0,0,0,0.0,0,1,0,0,1,10.9,40,50,39,46,175,1909.4,0,0,0,0,0,0.0,1,6,0,7,14,152.8,2,1,0,1,4,43.6,35,23,22,29,109,1189.3,0,0,0,0,0,0.0,0,0,1,5,6,65.5,7,11,21,14,53,578.3,4,1,1,7,13,141.8,0,0,0,1,1,10.9,2,0,0,0,2,21.8,0,2,0,1,3,32.7,0,0,0,0,0,0.0,5,11,10,15,41,447.4,0,0,0,0,0,0.0,2,5,1,3,11,120.0,1,0,1,0,2,21.8,0,1,0,0,1,10.9,0,0,0,0,0,0.0,0,0,0,0,0,0.0,0,1,1,0,2,21.8
Hernando,Hernando County Sheriff's Office,"187,375",488,260.4,"1,944",1037.5,"4,256",2271.4,2,0,3,1,6,3.2,19,19,22,25,85,45.4,8,15,19,7,49,26.2,73,85,92,98,348,185.7,50,63,69,59,241,128.6,1,2,0,0,3,1.6,0,0,1,0,1,0.5,58,81,81,202,422,225.2,106,78,55,41,280,149.4,49,40,31,35,155,82.7,65,71,74,73,283,151.0,0,0,1,2,3,1.6,88,96,90,108,382,203.9,46,42,49,37,174,92.9,0,2,1,0,3,1.6,5,3,2,4,14,7.5,372,475,466,483,"1,796",958.5,0,0,0,0,0,0.0,23,31,31,59,144,76.9,5,5,8,7,25,13.3,268,252,230,258,"1,008",538.0,0,1,0,0,1,0.5,9,7,7,4,27,14.4,91,94,93,94,372,198.5,32,18,38,25,113,60.3,4,2,4,4,14,7.5,1,0,0,0,1,0.5,18,4,4,13,39,20.8,0,2,4,3,9,4.8,137,105,107,114,463,247.1,1,3,0,2,6,3.2,23,17,25,15,80,42.7,35,20,22,29,106,56.6,0,4,4,3,11,5.9,0,0,0,0,0,0.0,0,0,0,0,0,0.0,2,10,8,4,24,12.8
Hillsborough,Tampa Police Department,"391,800","2,230",569.2,"6,661",1700.1,"13,680",3491.6,13,10,10,10,43,11.0,40,46,45,38,169,43.1,81,86,68,78,313,79.9,396,407,467,435,"1,705",435.2,180,187,219,239,825,210.6,13,13,8,8,42,10.7,8,16,15,14,53,13.5,217,168,209,269,863,220.3,444,390,349,398,"1,581",403.5,106,107,96,129,438,111.8,90,86,101,112,389,99.3,3,1,7,3,14,3.6,430,453,387,417,"1,687",430.6,239,179,176,175,769,196.3,2,3,1,1,7,1.8,9,8,7,7,31,7.9,"1,291","1,322","1,372","1,408","5,393",1376.5,2,2,1,4,9,2.3,60,51,43,61,215,54.9,21,16,16,21,74,18.9,669,784,636,635,"2,724",695.3,0,0,0,0,0,0.0,32,28,28,24,112,28.6,309,296,327,308,"1,240",316.5,80,56,75,39,250,63.8,6,2,2,2,12,3.1,48,9,0,3,60,15.3,15,15,24,25,79,20.2,5,12,6,6,29,7.4,561,570,560,558,"2,249",574.0,0,0,0,2,2,0.5,248,235,185,181,849,216.7,117,79,57,63,316,80.7,0,1,0,0,1,0.3,7,1,3,3,14,3.6,0,0,0,0,0,0.0,5,4,2,3,14,3.6
Marion,Marion County Sheriff's Office,"309,408",841,271.8,"2,784",899.8,"4,748",1534.5,0,1,0,0,1,0.3,41,33,32,37,143,46.2,15,6,11,17,49,15.8,134,183,164,167,648,209.4,135,120,126,136,517,167.1,0,0,0,1,1,0.3,0,0,1,0,1,0.3,152,117,67,99,435,140.6,176,159,167,107,609,196.8,33,27,29,22,111,35.9,38,45,41,18,142,45.9,2,1,0,0,3,1.0,167,169,192,208,736,237.9,58,60,60,51,229,74.0,0,0,0,0,0,0.0,1,0,2,0,3,1.0,671,844,849,801,"3,165",1022.9,0,0,0,0,0,0.0,0,0,0,0,0,0.0,4,2,2,6,14,4.5,199,176,228,163,766,247.6,0,0,0,0,0,0.0,0,0,0,0,0,0.0,18,29,22,28,97,31.4,1,3,2,1,7,2.3,0,0,0,1,1,0.3,8,1,2,0,11,3.6,17,2,4,6,29,9.4,3,2,3,0,8,2.6,125,144,125,123,517,167.1,0,0,0,0,0,0.0,32,22,30,30,114,36.8,2,5,2,1,10,3.2,0,0,0,1,1,0.3,0,0,0,1,1,0.3,0,0,0,0,0,0.0,3,0,1,0,4,1.3
Marion,Ocala Police Department,"64,243",475,739.4,"2,076",3231.5,"3,994",6217.0,2,0,2,2,6,9.3,17,17,17,19,70,109.0,13,12,16,13,54,84.1,99,87,94,65,345,537.0,68,65,84,85,302,470.1,0,0,0,0,0,0.0,0,0,0,1,1,1.6,136,127,95,124,482,750.3,64,68,64,57,253,393.8,21,19,7,13,60,93.4,2,3,2,5,12,18.7,1,1,0,0,2,3.1,212,208,192,211,823,1281.1,40,34,34,33,141,219.5,0,0,0,0,0,0.0,2,4,1,3,10,15.6,385,389,345,398,"1,517",2361.3,4,9,13,7,33,51.4,4,6,17,17,44,68.5,4,7,6,5,22,34.2,304,258,264,302,"1,128",1755.8,0,0,0,0,0,0.0,0,0,1,0,1,1.6,75,69,68,92,304,473.2,21,22,19,22,84,130.8,1,0,0,1,2,3.1,3,0,0,0,3,4.7,4,4,5,1,14,21.8,5,5,6,6,22,34.2,131,134,101,107,473,736.3,0,0,0,0,0,0.0,48,66,63,49,226,351.8,29,28,17,32,106,165.0,0,2,1,1,4,6.2,0,0,0,0,0,0.0,0,0,0,1,1,1.6,0,0,0,0,0,0.0
Miami-Dade,Aventura Police Department,"40,371",35,86.7,415,1028.0,310,767.9,0,0,0,0,0,0.0,2,0,1,0,3,7.4,0,0,5,13,18,44.6,0,0,6,8,14,34.7,1,1,5,9,16,39.6,0,1,0,5,6,14.9,0,0,0,0,0,0.0,5,1,55,161,222,549.9,1,0,7,37,45,111.5,2,0,1,9,12,29.7,0,1,0,5,6,14.9,0,0,0,0,0,0.0,6,4,19,65,94,232.8,0,0,2,12,14,34.7,0,0,0,0,0,0.0,0,0,0,0,0,0.0,1,1,17,48,67,166.0,0,0,0,0,0,0.0,0,0,2,7,9,22.3,0,0,0,2,2,5.0,1,8,8,19,36,89.2,0,0,1,0,1,2.5,0,0,0,0,0,0.0,6,11,15,21,53,131.3,0,4,0,2,6,14.9,0,0,0,0,0,0.0,0,0,0,0,0,0.0,0,0,1,5,6,14.9,2,8,2,5,17,42.1,1,2,6,26,35,86.7,0,0,0,0,0,0.0,2,10,11,16,39,96.6,8,9,3,19,39,96.6,0,0,0,0,0,0.0,0,0,0,0,0,0.0,0,0,0,0,0,0.0,0,0,0,0,0,0.0
Miami-Dade,Coral Gables Police Department,"50,193",52,103.6,"1,025",2042.1,676,1346.8,0,0,0,0,0,0.0,0,1,2,3,6,12.0,0,4,0,2,6,12.0,6,6,12,16,40,79.7,26,11,20,23,80,159.4,1,1,0,0,2,4.0,1,1,0,1,3,6.0,36,39,34,33,142,282.9,66,56,52,85,259,516.0,12,13,14,27,66,131.5,21,17,27,26,91,181.3,0,0,0,0,0,0.0,68,71,91,73,303,603.7,18,14,23,24,79,157.4,0,0,2,0,2,4.0,0,0,0,0,0,0.0,28,56,37,39,160,318.8,0,0,0,0,0,0.0,19,18,17,24,78,155.4,0,1,0,0,1,2.0,24,13,14,9,60,119.5,0,0,0,0,0,0.0,0,0,2,1,3,6.0,41,31,49,33,154,306.8,11,3,9,15,38,75.7,0,0,3,2,5,10.0,0,0,0,0,0,0.0,0,0,0,0,0,0.0,2,1,0,0,3,6.0,52,37,43,29,161,320.8,0,0,0,0,0,0.0,1,3,1,2,7,13.9,1,0,0,2,3,6.0,0,0,0,1,1,2.0,0,0,0,0,0,0.0,0,0,0,0,0,0.0,0,0,0,0,0,0.0
Miami-Dade,Doral Police Department,"80,703",132,163.6,"1,377",1706.3,"1,413",1750.9,0,0,0,1,1,1.2,8,3,3,7,21,26.0,3,10,3,6,22,27.3,25,16,25,22,88,109.0,31,16,19,14,80,99.1,1,1,0,2,4,5.0,1,5,3,2,11,13.6,87,54,54,84,279,345.7,59,42,53,64,218,270.1,47,23,43,37,150,185.9,5,7,8,8,28,34.7,0,0,0,0,0,0.0,134,118,103,111,466,577.4,43,28,34,36,141,174.7,0,0,0,1,1,1.2,1,0,0,0,1,1.2,125,112,107,110,454,562.6,0,0,0,0,0,0.0,10,14,12,5,41,50.8,0,1,4,3,8,9.9,39,30,48,12,129,159.8,0,0,0,0,0,0.0,5,3,2,13,23,28.5,133,105,113,100,451,558.8,11,10,8,6,35,43.4,3,3,1,1,8,9.9,1,0,1,0,2,2.5,0,0,0,2,2,2.5,9,7,10,9,35,43.4,41,50,46,46,183,226.8,0,0,0,0,0,0.0,14,11,8,7,40,49.6,0,0,0,0,0,0.0,0,0,0,0,0,0.0,0,0,0,0,0,0.0,0,0,0,0,0,0.0,0,0,0,0,0,0.0
Miami-Dade,South Miami Police Department,"12,071",84,695.9,333,2758.7,307,2543.3,0,0,0,0,0,0.0,3,1,1,4,9,74.6,6,2,3,4,15,124.3,13,17,16,14,60,497.1,22,14,17,13,66,546.8,0,1,0,3,4,33.1,2,1,1,2,6,49.7,12,7,9,7,35,290.0,19,17,20,21,77,637.9,4,5,5,2,16,132.5,3,0,1,1,5,41.4,0,0,0,0,0,0.0,30,24,29,17,100,828.4,4,6,10,4,24,198.8,0,0,0,0,0,0.0,0,0,0,0,0,0.0,27,19,17,21,84,695.9,0,0,0,0,0,0.0,5,8,8,8,29,240.2,2,0,0,2,4,33.1,13,16,10,6,45,372.8,0,0,0,0,0,0.0,0,0,0,0,0,0.0,8,15,17,13,53,439.1,0,1,2,5,8,66.3,0,0,0,0,0,0.0,0,0,0,1,1,8.3,0,0,0,0,0,0.0,0,0,0,0,0,0.0,23,14,25,14,76,629.6,0,0,0,0,0,0.0,2,1,3,1,7,58.0,0,0,0,0,0,0.0,0,0,0,0,0,0.0,0,0,0,0,0,0.0,0,0,0,0,0,0.0,0,0,0,0,0,0.0
Palm Beach,North Palm Beach Police Department,"13,167",7,53.2,67,508.8,100,759.5,0,0,0,0,0,0.0,0,0,0,1,1,7.6,0,0,1,1,2,15.2,0,2,0,2,4,30.4,1,2,1,0,4,30.4,0,0,0,0,0,0.0,0,0,0,0,0,0.0,6,1,6,5,18,136.7,4,0,2,2,8,60.8,1,0,3,0,4,30.4,0,0,0,0,0,0.0,0,0,0,0,0,0.0,4,4,6,8,22,167.1,1,1,2,7,11,83.5,0,0,0,0,0,0.0,0,0,0,0,0,0.0,6,8,10,9,33,250.6,0,0,0,0,0,0.0,0,0,0,0,0,0.0,0,0,0,1,1,7.6,11,16,8,6,41,311.4,0,0,0,0,0,0.0,0,0,0,0,0,0.0,3,2,2,1,8,60.8,1,0,0,0,1,7.6,0,0,0,0,0,0.0,0,0,0,0,0,0.0,0,0,0,1,1,7.6,0,0,0,1,1,7.6,2,0,4,5,11,83.5,0,0,0,0,0,0.0,1,0,1,1,3,22.8,0,0,0,0,0,0.0,0,0,0,0,0,0.0,0,0,0,0,0,0.0,0,0,0,0,0,0.0,0,0,0,0,0,0.0
Palm Beach,West Palm Beach Police Department,"119,255",958,803.3,"3,049",2556.7,"3,203",2685.8,2,7,2,8,19,15.9,35,32,29,37,133,111.5,60,50,50,54,214,179.4,126,184,168,114,592,496.4,98,92,91,107,388,325.4,3,4,1,0,8,6.7,1,2,0,0,3,2.5,123,141,148,114,526,441.1,204,144,149,182,679,569.4,127,112,78,95,412,345.5,29,39,46,34,148,124.1,0,0,2,0,2,1.7,168,151,84,122,525,440.2,113,81,77,87,358,300.2,0,0,0,1,1,0.8,2,2,2,5,11,9.2,341,320,279,290,"1,230",1031.4,0,0,0,0,0,0.0,13,11,11,23,58,48.6,13,9,4,2,28,23.5,102,108,93,65,368,308.6,0,0,0,0,0,0.0,5,12,11,12,40,33.5,164,142,103,116,525,440.2,15,6,14,10,45,37.7,0,3,2,5,10,8.4,39,4,15,24,82,68.8,8,3,9,1,21,17.6,3,1,4,0,8,6.7,132,151,137,103,523,438.6,0,0,0,0,0,0.0,52,55,46,41,194,162.7,32,14,5,3,54,45.3,0,0,0,0,0,0.0,2,0,1,0,3,2.5,0,0,0,1,1,0.8,0,0,1,0,1,0.8
Pinellas,Belleair Beach Police Department,"1,632",1,61.3,11,674.0,25,1531.9,0,0,0,0,0,0.0,0,0,0,0,0,0.0,0,0,0,0,0,0.0,1,0,0,0,1,61.3,1,0,1,1,3,183.8,0,0,0,0,0,0.0,0,0,0,0,0,0.0,0,0,0,0,0,0.0,1,0,1,3,5,306.4,0,0,0,0,0,0.0,0,0,0,0,0,0.0,0,0,0,0,0,0.0,0,0,1,1,2,122.5,0,0,1,0,1,61.3,0,0,0,0,0,0.0,0,0,0,0,0,0.0,3,1,3,1,8,490.2,0,0,0,0,0,0.0,0,0,0,0,0,0.0,0,0,0,0,0,0.0,0,1,4,2,7,428.9,0,0,0,0,0,0.0,0,0,0,0,0,0.0,1,0,0,2,3,183.8,0,0,0,0,0,0.0,2,0,0,0,2,122.5,0,0,0,0,0,0.0,0,0,0,0,0,0.0,0,0,0,0,0,0.0,0,0,0,0,0,0.0,0,0,0,0,0,0.0,0,0,0,1,1,61.3,1,2,1,0,4,245.1,0,0,0,0,0,0.0,0,0,0,0,0,0.0,0,0,0,0,0,0.0,0,0,0,0,0,0.0
Pinellas,Belleair Bluffs Police Department,"2,317",5,215.8,28,1208.5,43,1855.8,0,0,0,0,0,0.0,1,1,0,0,2,86.3,0,0,0,0,0,0.0,2,1,0,0,3,129.5,0,0,1,0,1,43.2,0,0,0,0,0,0.0,0,0,0,0,0,0.0,0,0,0,0,0,0.0,2,0,11,2,15,647.4,0,1,1,0,2,86.3,1,0,0,0,1,43.2,0,0,0,0,0,0.0,1,2,0,0,3,129.5,0,2,1,3,6,259.0,0,0,0,0,0,0.0,0,0,0,0,0,0.0,4,5,3,8,20,863.2,0,0,0,0,0,0.0,1,0,0,1,2,86.3,0,0,0,0,0,0.0,0,1,0,1,2,86.3,0,0,0,0,0,0.0,0,0,0,0,0,0.0,2,3,4,4,13,561.1,0,2,1,0,3,129.5,0,0,0,1,1,43.2,0,1,0,0,1,43.2,0,0,0,0,0,0.0,0,0,0,0,0,0.0,0,0,0,0,0,0.0,0,0,0,0,0,0.0,0,0,0,0,0,0.0,0,1,0,0,1,43.2,0,0,0,0,0,0.0,0,0,0,0,0,0.0,0,0,0,0,0,0.0,0,0,0,0,0,0.0
Pinellas,Belleair Police Department,"4,324",3,69.4,32,740.1,30,693.8,0,0,0,0,0,0.0,1,0,0,0,1,23.1,0,0,0,0,0,0.0,1,0,0,1,2,46.3,1,0,0,1,2,46.3,0,0,0,0,0,0.0,0,0,0,0,0,0.0,0,0,0,0,0,0.0,5,3,5,1,14,323.8,0,1,1,0,2,46.3,0,0,1,2,3,69.4,0,0,0,0,0,0.0,0,0,3,3,6,138.8,1,2,1,1,5,115.6,0,0,0,0,0,0.0,0,0,0,0,0,0.0,0,4,2,1,7,161.9,0,0,0,0,0,0.0,1,0,0,0,1,23.1,0,0,0,0,0,0.0,0,1,0,0,1,23.1,0,0,0,0,0,0.0,0,0,0,0,0,0.0,2,2,2,4,10,231.3,0,0,1,0,1,23.1,1,1,0,0,2,46.3,0,0,0,0,0,0.0,0,0,0,0,0,0.0,0,0,0,0,0,0.0,0,0,1,0,1,23.1,0,0,0,0,0,0.0,0,0,0,0,0,0.0,0,2,1,3,6,138.8,0,1,0,0,1,23.1,0,0,0,0,0,0.0,0,0,0,0,0,0.0,0,0,0,0,0,0.0
Pinellas,City of Seminole,"19,358",32,165.3,317,1637.6,416,2149.0,0,0,0,0,0,0.0,2,1,2,0,5,25.8,0,1,3,2,6,31.0,4,3,9,5,21,108.5,3,7,4,4,18,93.0,0,0,1,0,1,5.2,0,0,0,0,0,0.0,35,8,20,23,86,444.3,15,21,13,10,59,304.8,0,5,2,3,10,51.7,3,11,8,8,30,155.0,0,1,2,0,3,15.5,21,32,19,18,90,464.9,6,0,8,6,20,103.3,0,1,0,0,1,5.2,0,0,2,0,2,10.3,32,32,33,31,128,661.2,0,1,0,2,3,15.5,2,3,1,1,7,36.2,0,0,1,0,1,5.2,16,25,24,34,99,511.4,0,0,0,0,0,0.0,0,2,1,1,4,20.7,35,28,25,21,109,563.1,2,2,3,4,11,56.8,1,0,0,0,1,5.2,0,0,0,0,0,0.0,0,0,0,0,0,0.0,0,1,0,1,2,10.3,3,0,1,4,8,41.3,0,0,0,0,0,0.0,0,5,1,6,12,62.0,13,1,7,7,28,144.6,0,0,0,0,0,0.0,0,0,0,0,0,0.0,0,0,0,0,0,0.0,0,0,0,0,0,0.0
Pinellas,Dunedin Police Department,"36,116",47,130.1,364,1007.9,599,1658.5,0,0,0,0,0,0.0,3,5,4,3,15,41.5,0,2,2,0,4,11.1,10,5,5,8,28,77.5,11,8,6,5,30,83.1,0,1,0,0,1,2.8,0,0,0,0,0,0.0,7,8,7,7,29,80.3,32,10,29,20,91,252.0,5,5,4,6,20,55.4,4,4,7,11,26,72.0,0,2,0,1,3,8.3,31,43,26,33,133,368.3,4,13,3,11,31,85.8,0,0,0,0,0,0.0,0,0,0,1,1,2.8,58,61,59,37,215,595.3,0,0,2,1,3,8.3,4,4,3,5,16,44.3,2,0,2,0,4,11.1,34,33,19,36,122,337.8,0,0,0,0,0,0.0,0,0,1,2,3,8.3,37,38,28,25,128,354.4,5,2,5,5,17,47.1,1,1,0,0,2,5.5,0,0,0,0,0,0.0,0,0,2,3,5,13.8,1,0,2,0,3,8.3,3,1,5,4,13,36.0,0,0,0,1,1,2.8,4,2,3,4,13,36.0,20,13,10,9,52,144.0,0,0,0,0,0,0.0,0,0,0,0,0,0.0,0,0,0,0,0,0.0,0,1,0,0,1,2.8
Pinellas,Gulfport Police Department,"11,777",10,84.9,316,2683.2,205,1740.7,0,0,0,0,0,0.0,1,0,1,0,2,17.0,1,0,0,0,1,8.5,3,1,1,2,7,59.4,5,7,12,10,34,288.7,0,0,0,0,0,0.0,0,0,0,0,0,0.0,15,6,7,4,32,271.7,15,20,32,13,80,679.3,4,4,3,1,12,101.9,5,2,4,0,11,93.4,0,1,0,0,1,8.5,32,31,31,21,115,976.5,10,9,8,4,31,263.2,0,0,0,0,0,0.0,0,0,0,0,0,0.0,22,23,24,17,86,730.2,2,0,0,0,2,17.0,3,1,0,0,4,34.0,0,0,0,0,0,0.0,5,4,6,7,22,186.8,0,0,1,0,1,8.5,0,0,0,0,0,0.0,10,10,24,10,54,458.5,0,1,2,2,5,42.5,1,0,0,0,1,8.5,0,0,0,0,0,0.0,1,1,3,2,7,59.4,0,0,1,0,1,8.5,3,4,0,1,8,67.9,0,0,0,0,0,0.0,2,2,0,2,6,50.9,1,3,2,1,7,59.4,0,0,0,0,0,0.0,0,0,0,0,0,0.0,0,0,0,0,0,0.0,0,0,1,0,1,8.5
Pinellas,Indian Rocks Beach PD,"3,696",5,135.3,50,1352.8,71,1921.0,0,0,0,0,0,0.0,0,0,0,1,1,27.1,0,0,0,0,0,0.0,0,1,0,3,4,108.2,3,2,1,0,6,162.3,0,0,0,0,0,0.0,0,0,0,0,0,0.0,1,0,3,4,8,216.5,2,4,0,1,7,189.4,2,0,1,0,3,81.2,1,1,0,3,5,135.3,0,0,0,0,0,0.0,7,2,5,5,19,514.1,2,0,0,0,2,54.1,0,0,0,0,0,0.0,0,0,0,0,0,0.0,3,9,11,15,38,1028.1,0,0,0,0,0,0.0,0,0,1,0,1,27.1,0,0,0,0,0,0.0,0,0,1,3,4,108.2,0,0,0,0,0,0.0,0,0,1,0,1,27.1,5,4,3,3,15,405.8,0,0,0,0,0,0.0,1,0,0,0,1,27.1,0,0,0,0,0,0.0,0,0,1,0,1,27.1,0,0,0,0,0,0.0,1,0,1,1,3,81.2,0,0,0,0,0,0.0,0,0,1,0,1,27.1,1,3,0,2,6,162.3,0,0,0,0,0,0.0,0,0,0,0,0,0.0,0,0,0,0,0,0.0,0,0,0,0,0,0.0
Pinellas,Indian Shores Police Department,"1,193",3,251.5,22,1844.1,26,2179.4,0,0,0,0,0,0.0,0,0,1,0,1,83.8,0,0,0,0,0,0.0,1,0,0,1,2,167.6,0,1,0,1,2,167.6,0,0,0,0,0,0.0,0,0,0,0,0,0.0,0,0,0,0,0,0.0,0,0,0,0,0,0.0,0,0,0,0,0,0.0,2,0,0,0,2,167.6,0,0,0,0,0,0.0,10,5,3,0,18,1508.8,0,0,0,0,0,0.0,0,0,0,0,0,0.0,0,0,0,0,0,0.0,2,3,1,1,7,586.8,0,0,1,0,1,83.8,1,0,1,0,2,167.6,0,0,0,0,0,0.0,3,3,0,2,8,670.6,0,0,0,0,0,0.0,0,0,0,0,0,0.0,3,2,0,1,6,502.9,0,0,0,0,0,0.0,0,0,0,0,0,0.0,0,0,0,0,0,0.0,0,0,0,0,0,0.0,0,0,0,0,0,0.0,1,1,0,0,2,167.6,0,0,0,0,0,0.0,0,0,0,0,0,0.0,0,0,0,0,0,0.0,0,0,0,0,0,0.0,0,0,0,0,0,0.0,0,0,0,0,0,0.0,0,0,0,0,0,0.0
Pinellas,Madeira Beach Police Department,"3,886",15,386.0,102,2624.8,175,4503.3,0,0,0,0,0,0.0,0,1,1,1,3,77.2,0,0,1,0,1,25.7,4,4,2,1,11,283.1,2,2,3,2,9,231.6,0,0,0,0,0,0.0,0,0,0,0,0,0.0,6,5,10,1,22,566.1,5,10,1,2,18,463.2,3,2,0,1,6,154.4,3,2,5,3,13,334.5,0,0,0,0,0,0.0,11,9,8,1,29,746.3,4,1,0,0,5,128.7,0,0,0,0,0,0.0,0,0,0,0,0,0.0,24,23,21,12,80,2058.7,0,1,0,0,1,25.7,0,1,1,0,2,51.5,0,1,0,0,1,25.7,6,13,12,14,45,1158.0,0,0,0,0,0,0.0,0,0,2,0,2,51.5,9,5,5,6,25,643.3,1,1,0,1,3,77.2,0,1,0,0,1,25.7,0,0,0,0,0,0.0,0,0,0,0,0,0.0,0,0,0,0,0,0.0,0,0,2,0,2,51.5,0,0,0,0,0,0.0,1,0,0,3,4,102.9,4,1,2,1,8,205.9,0,0,0,0,0,0.0,0,0,0,0,0,0.0,0,0,0,0,0,0.0,0,1,0,0,1,25.7
Pinellas,North Redington Beach PD,"1,493",3,200.9,17,1138.6,29,1942.4,0,0,0,0,0,0.0,0,0,0,0,0,0.0,0,0,0,0,0,0.0,0,1,1,1,3,200.9,0,0,0,1,1,67.0,0,0,0,0,0,0.0,0,0,0,0,0,0.0,0,0,0,1,1,67.0,5,2,0,1,8,535.8,0,2,0,0,2,134.0,0,0,1,0,1,67.0,0,0,0,0,0,0.0,0,1,1,2,4,267.9,0,0,0,0,0,0.0,0,0,0,0,0,0.0,0,0,0,0,0,0.0,2,2,4,2,10,669.8,0,0,0,0,0,0.0,0,0,2,0,2,134.0,0,0,0,0,0,0.0,2,1,2,1,6,401.9,0,0,0,0,0,0.0,0,0,0,0,0,0.0,2,2,3,3,10,669.8,0,0,0,0,0,0.0,0,0,0,0,0,0.0,0,0,0,0,0,0.0,0,0,0,0,0,0.0,0,0,0,0,0,0.0,0,0,0,0,0,0.0,0,0,0,0,0,0.0,0,0,0,0,0,0.0,0,1,0,0,1,67.0,0,0,0,0,0,0.0,0,0,0,0,0,0.0,0,0,0,0,0,0.0,0,0,0,0,0,0.0
Pinellas,Oldsmar Police Department,"14,905",17,114.1,133,892.3,200,1341.8,0,0,0,0,0,0.0,1,0,1,2,4,26.8,0,0,0,0,0,0.0,1,4,4,4,13,87.2,5,6,1,2,14,93.9,0,0,0,0,0,0.0,0,0,0,1,1,6.7,18,10,8,11,47,315.3,6,5,10,4,25,167.7,3,1,6,1,11,73.8,0,4,1,1,6,40.3,0,0,0,0,0,0.0,2,10,7,7,26,174.4,1,1,0,1,3,20.1,0,0,0,0,0,0.0,0,0,0,0,0,0.0,9,22,26,16,73,489.8,0,0,0,0,0,0.0,1,1,1,2,5,33.5,0,0,0,0,0,0.0,6,10,3,11,30,201.3,0,0,0,0,0,0.0,1,0,1,0,2,13.4,11,17,9,17,54,362.3,1,4,0,5,10,67.1,1,0,1,0,2,13.4,0,0,0,0,0,0.0,0,0,0,0,0,0.0,1,0,0,0,1,6.7,0,3,2,0,5,33.5,0,0,0,0,0,0.0,1,1,0,1,3,20.1,3,5,3,3,14,93.9,0,1,0,0,1,6.7,0,0,0,0,0,0.0,0,0,0,0,0,0.0,0,0,0,0,0,0.0
Pinellas,Pinellas County Sheriff's Office,"278,239",500,179.7,"2,553",917.6,"5,044",1812.8,0,0,0,1,1,0.4,26,15,19,25,85,30.5,22,13,9,5,49,17.6,97,103,89,76,365,131.2,68,103,81,63,315,113.2,0,3,2,1,6,2.2,0,0,0,0,0,0.0,46,35,45,62,188,67.6,178,183,171,164,696,250.1,55,49,43,49,196,70.4,60,70,71,61,262,94.2,0,0,2,0,2,0.7,147,185,166,171,669,240.4,64,52,50,53,219,78.7,0,0,0,0,0,0.0,4,2,1,4,11,4.0,438,450,498,490,"1,876",674.2,4,5,9,4,22,7.9,26,43,42,45,156,56.1,8,6,3,6,23,8.3,198,258,304,303,"1,063",382.0,0,0,0,0,0,0.0,7,16,6,3,32,11.5,315,271,238,234,"1,058",380.2,31,19,41,26,117,42.1,4,1,5,7,17,6.1,0,1,0,0,1,0.4,9,21,8,12,50,18.0,8,2,5,4,19,6.8,16,11,14,14,55,19.8,2,0,0,3,5,1.8,32,26,30,40,128,46.0,128,83,100,85,396,142.3,3,4,3,0,10,3.6,0,0,0,0,0,0.0,0,0,0,0,0,0.0,4,0,1,0,5,1.8
Pinellas,Redington Beaches Police Department,"1,372",1,72.9,13,947.5,19,1384.8,0,0,0,0,0,0.0,0,0,0,0,0,0.0,0,0,0,0,0,0.0,1,0,0,0,1,72.9,0,0,1,1,2,145.8,0,0,0,0,0,0.0,0,0,0,0,0,0.0,0,1,0,0,1,72.9,2,0,0,0,2,145.8,0,1,0,0,1,72.9,1,0,0,0,1,72.9,0,0,0,0,0,0.0,1,1,1,2,5,364.4,1,0,0,0,1,72.9,0,0,0,0,0,0.0,0,0,0,0,0,0.0,2,1,2,0,5,364.4,0,0,0,0,0,0.0,0,1,0,0,1,72.9,0,0,0,0,0,0.0,5,0,0,1,6,437.3,0,0,0,0,0,0.0,0,0,0,0,0,0.0,2,1,0,0,3,218.7,0,1,0,0,1,72.9,0,0,0,0,0,0.0,0,0,0,0,0,0.0,0,0,0,0,0,0.0,0,0,0,0,0,0.0,0,0,0,0,0,0.0,0,0,0,0,0,0.0,0,0,0,0,0,0.0,3,0,0,0,3,218.7,0,0,0,0,0,0.0,0,0,0,0,0,0.0,0,0,0,0,0,0.0,0,0,0,0,0,0.0
Pinellas,Safety Harbor Police Department,"17,105",49,286.5,294,1718.8,569,3326.5,0,0,0,1,1,5.8,0,0,3,11,14,81.8,1,0,2,5,8,46.8,2,2,4,18,26,152.0,3,2,14,20,39,228.0,0,0,0,0,0,0.0,0,0,0,0,0,0.0,2,4,3,16,25,146.2,6,23,22,28,79,461.9,1,0,2,10,13,76.0,6,0,7,32,45,263.1,0,0,0,0,0,0.0,6,12,10,42,70,409.2,4,2,5,12,23,134.5,0,0,0,0,0,0.0,0,0,0,0,0,0.0,20,32,26,97,175,1023.1,0,0,1,0,1,5.8,4,3,4,10,21,122.8,0,0,0,3,3,17.5,5,9,16,83,113,660.6,0,0,0,1,1,5.8,0,0,1,2,3,17.5,22,17,22,94,155,906.2,2,2,5,9,18,105.2,1,2,1,3,7,40.9,0,0,0,0,0,0.0,0,1,0,1,2,11.7,0,0,1,2,3,17.5,1,2,0,7,10,58.5,0,0,0,0,0,0.0,0,0,3,6,9,52.6,9,8,11,16,44,257.2,2,0,0,0,2,11.7,0,0,0,0,0,0.0,0,0,0,0,0,0.0,1,0,0,1,2,11.7
Pinellas,South Pasadena Police Department,"5,359",5,93.3,64,1194.3,92,1716.7,0,0,0,0,0,0.0,0,0,0,0,0,0.0,0,0,0,0,0,0.0,0,2,0,3,5,93.3,2,0,1,1,4,74.6,0,0,0,0,0,0.0,0,0,0,0,0,0.0,4,8,3,4,19,354.5,6,0,10,2,18,335.9,5,1,0,0,6,112.0,2,1,0,1,4,74.6,0,0,0,0,0,0.0,2,5,2,2,11,205.3,0,0,2,0,2,37.3,0,0,0,0,0,0.0,0,0,0,0,0,0.0,4,5,6,6,21,391.9,0,0,0,0,0,0.0,3,0,2,2,7,130.6,0,0,0,0,0,0.0,0,8,8,13,29,541.1,0,0,0,0,0,0.0,0,0,0,1,1,18.7,8,8,2,6,24,447.8,0,2,0,1,3,56.0,0,0,0,0,0,0.0,0,0,0,0,0,0.0,0,0,0,0,0,0.0,0,0,0,0,0,0.0,0,0,0,0,0,0.0,0,0,0,0,0,0.0,0,0,0,1,1,18.7,2,2,1,1,6,112.0,0,0,0,0,0,0.0,0,0,0,0,0,0.0,0,0,0,0,0,0.0,0,0,0,0,0,0.0
Pinellas,St. Pete Beach Police Department,"8,867",21,236.8,148,1669.1,239,2695.4,0,0,0,0,0,0.0,3,5,3,1,12,135.3,0,2,0,1,3,33.8,2,0,2,2,6,67.7,5,5,3,3,16,180.4,0,0,0,0,0,0.0,1,0,0,0,1,11.3,4,6,5,2,17,191.7,6,10,2,7,25,281.9,0,2,1,1,4,45.1,4,3,3,1,11,124.1,0,0,0,0,0,0.0,9,23,20,9,61,687.9,0,3,6,4,13,146.6,0,0,0,0,0,0.0,0,0,0,0,0,0.0,30,31,21,30,112,1263.1,0,0,0,0,0,0.0,0,1,2,0,3,33.8,0,1,0,0,1,11.3,10,9,7,18,44,496.2,0,0,0,0,0,0.0,0,0,1,1,2,22.6,16,10,10,12,48,541.3,2,1,1,1,5,56.4,0,0,0,0,0,0.0,0,0,0,0,0,0.0,0,0,0,0,0,0.0,1,0,0,0,1,11.3,2,2,0,2,6,67.7,0,0,0,0,0,0.0,0,0,0,2,2,22.6,5,4,4,2,15,169.2,0,0,0,0,0,0.0,0,0,0,0,0,0.0,0,0,0,0,0,0.0,0,0,0,0,0,0.0
Pinellas,Tarpon Springs Police Department,"25,359",46,181.4,334,1317.1,558,2200.4,0,0,0,0,0,0.0,6,1,1,5,13,51.3,1,3,1,5,10,39.4,11,2,8,2,23,90.7,2,9,11,9,31,122.2,0,0,0,0,0,0.0,0,0,0,0,0,0.0,21,7,11,11,50,197.2,28,29,8,7,72,283.9,4,6,8,7,25,98.6,6,4,4,0,14,55.2,0,0,0,0,0,0.0,21,30,32,31,114,449.5,7,9,6,6,28,110.4,0,0,0,0,0,0.0,1,0,0,4,5,19.7,52,77,38,56,223,879.4,2,2,1,0,5,19.7,6,2,3,6,17,67.0,1,1,0,0,2,7.9,54,51,29,27,161,634.9,0,0,0,0,0,0.0,0,1,0,0,1,3.9,34,15,24,12,85,335.2,3,3,2,1,9,35.5,0,0,0,4,4,15.8,0,0,0,0,0,0.0,0,0,0,1,1,3.9,0,0,0,0,0,0.0,1,5,0,1,7,27.6,0,0,0,0,0,0.0,4,6,2,3,15,59.2,5,6,6,4,21,82.8,0,0,0,0,0,0.0,0,0,0,0,0,0.0,0,0,0,0,0,0.0,1,1,0,0,2,7.9
Pinellas,Treasure Island Police Department,"6,570",19,289.2,129,1963.5,266,4048.7,0,0,0,0,0,0.0,0,0,1,0,1,15.2,3,0,0,1,4,60.9,1,3,5,5,14,213.1,1,2,3,2,8,121.8,0,0,0,0,0,0.0,0,0,0,0,0,0.0,4,10,15,5,34,517.5,7,5,3,1,16,243.5,1,0,0,0,1,15.2,3,2,1,4,10,152.2,0,0,0,1,1,15.2,13,15,15,10,53,806.7,1,0,2,3,6,91.3,0,0,1,0,1,15.2,0,0,0,0,0,0.0,47,62,36,32,177,2694.1,0,1,0,1,2,30.4,0,2,0,0,2,30.4,0,0,0,0,0,0.0,1,7,4,4,16,243.5,0,0,0,0,0,0.0,0,0,2,0,2,30.4,17,8,9,9,43,654.5,0,3,2,0,5,76.1,0,1,0,0,1,15.2,0,0,0,0,0,0.0,0,0,1,0,1,15.2,0,1,0,1,2,30.4,0,1,0,0,1,15.2,0,0,0,0,0,0.0,1,1,0,0,2,30.4,5,2,3,1,11,167.4,0,0,0,0,0,0.0,0,0,0,0,0,0.0,0,0,0,0,0,0.0,0,0,0,0,0,0.0
Sarasota,Sarasota County Sheriff's Office,"277,128",409,147.6,"3,253",1173.8,"3,578",1291.1,1,2,1,1,5,1.8,6,7,10,11,34,12.3,12,20,9,16,57,20.6,84,61,82,86,313,112.9,104,105,82,89,380,137.1,0,0,0,0,0,0.0,0,1,1,0,2,0.7,128,127,156,164,575,207.5,155,199,118,163,635,229.1,35,40,42,41,158,57.0,95,98,76,107,376,135.7,0,0,0,0,0,0.0,252,174,174,235,835,301.3,101,71,50,70,292,105.4,0,0,0,1,1,0.4,0,1,1,0,2,0.7,288,330,328,351,"1,297",468.0,0,0,0,0,0,0.0,5,6,11,14,36,13.0,0,1,2,4,7,2.5,266,234,203,193,896,323.3,0,0,0,0,0,0.0,3,8,6,11,28,10.1,220,201,190,201,812,293.0,22,11,13,32,78,28.1,1,2,4,5,12,4.3,0,1,0,0,1,0.4,4,2,5,1,12,4.3,1,7,3,11,22,7.9,39,50,37,42,168,60.6,2,1,0,0,3,1.1,4,0,0,1,5,1.8,48,41,47,54,190,68.6,0,0,0,0,0,0.0,0,0,0,0,0,0.0,0,0,0,0,0,0.0,2,3,0,3,8,2.9
St. Johns,St. Johns County Sheriff's Office,"263,666",7,2.7,37,14.0,51,19.3,0,0,0,0,0,0.0,0,0,0,2,2,0.8,0,0,1,0,1,0.4,0,0,3,1,4,1.5,0,3,0,2,5,1.9,0,0,0,0,0,0.0,0,0,0,0,0,0.0,1,0,0,1,2,0.8,0,1,0,2,3,1.1,0,0,0,1,1,0.4,0,0,0,0,0,0.0,0,0,0,0,0,0.0,1,2,3,20,26,9.9,0,0,0,0,0,0.0,0,0,0,0,0,0.0,0,0,0,0,0,0.0,2,2,1,0,5,1.9,0,0,0,0,0,0.0,0,0,0,0,0,0.0,0,0,1,0,1,0.4,4,0,1,1,6,2.3,0,0,0,0,0,0.0,0,0,0,0,0,0.0,1,2,6,15,24,9.1,0,0,2,2,4,1.5,0,0,0,0,0,0.0,0,0,0,0,0,0.0,0,0,0,0,0,0.0,0,0,0,0,0,0.0,0,3,0,5,8,3.0,0,0,0,0,0,0.0,0,0,1,0,1,0.4,0,0,1,0,1,0.4,0,0,0,0,0,0.0,0,0,0,0,0,0.0,0,0,0,0,0,0.0,0,0,1,0,1,0.4
,,,,,,,,,,,,,,,,,,,,,,,,,,,,,,,,,,,,,,,,,,,,,,,,,,,,,,,,,,,,,,,,,,,,,,,,,,,,,,,,,,,,,,,,,,,,,,,,,,,,,,,,,,,,,,,,,,,,,,,,,,,,,,,,,,,,,,,,,,,,,,,,,,,,,,,,,,,,,,,,,,,,,,,,,,,,,,,,,,,,,,,,,,,,,,,,,,,,,,,,,,,,,,,,,,,,,,,,,,,,,,,,,,,,,,
