County,Agency Name,2022 Population Estimate,Violent Crime Year to Date,Violent Crime Annual Rate,Property Crime Year to Date,Property Crime Annual Rate,Other Crime Year to Date,Other Crime Annual Rate,2022 Q1,2022 Q2,2022 Q3,2022 Q4,Year to Date,Annual Rate,2022 Q1,2022 Q2,2022 Q3,2022 Q4,Year to Date,Annual Rate,2022 Q1,2022 Q2,2022 Q3,2022 Q4,Year to Date,Annual Rate,2022 Q1,2022 Q2,2022 Q3,2022 Q4,Year to Date,Annual Rate,2022 Q1,2022 Q2,2022 Q3,2022 Q4,Year to Date,Annual Rate,2022 Q1,2022 Q2,2022 Q3,2022 Q4,Year to Date,Annual Rate,2022 Q1,2022 Q2,2022 Q3,2022 Q4,Year to Date,Annual Rate,2022 Q1,2022 Q2,2022 Q3,2022 Q4,Year to Date,Annual Rate,2022 Q1,2022 Q2,2022 Q3,2022 Q4,Year to Date,Annual Rate,2022 Q1,2022 Q2,2022 Q3,2022 Q4,Year to Date,Annual Rate,2022 Q1,2022 Q2,2022 Q3,2022 Q4,Year to Date,Annual Rate,2022 Q1,2022 Q2,2022 Q3,2022 Q4,Year to Date,Annual Rate,2022 Q1,2022 Q2,2022 Q3,2022 Q4,Year to Date,Annual Rate,2022 Q1,2022 Q2,2022 Q3,2022 Q4,Year to Date,Annual Rate,2022 Q1,2022 Q2,2022 Q3,2022 Q4,Year to Date,Annual Rate,2022 Q1,2022 Q2,2022 Q3,2022 Q4,Year to Date,Annual Rate,2022 Q1,2022 Q2,2022 Q3,2022 Q4,Year to Date,Annual Rate,2022 Q1,2022 Q2,2022 Q3,2022 Q4,Year to Date,Annual Rate,2022 Q1,2022 Q2,2022 Q3,2022 Q4,Year to Date,Annual Rate,2022 Q1,2022 Q2,2022 Q3,2022 Q4,Year to Date,Annual Rate,2022 Q1,2022 Q2,2022 Q3,2022 Q4,Year to Date,Annual Rate,2022 Q1,2022 Q2,2022 Q3,2022 Q4,Year to Date,Annual Rate,2022 Q1,2022 Q2,2022 Q3,2022 Q4,Year to Date,Annual Rate,2022 Q1,2022 Q2,2022 Q3,2022 Q4,Year to Date,Annual Rate,2022 Q1,2022 Q2,2022 Q3,2022 Q4,Year to Date,Annual Rate,2022 Q1,2022 Q2,2022 Q3,2022 Q4,Year to Date,Annual Rate,2022 Q1,2022 Q2,2022 Q3,2022 Q4,Year to Date,Annual Rate,2022 Q1,2022 Q2,2022 Q3,2022 Q4,Year to Date,Annual Rate,2022 Q1,2022 Q2,2022 Q3,2022 Q4,Year to Date,Annual Rate,2022 Q1,2022 Q2,2022 Q3,2022 Q4,Year to Date,Annual Rate,2022 Q1,2022 Q2,2022 Q3,2022 Q4,Year to Date,Annual Rate,2022 Q1,2022 Q2,2022 Q3,2022 Q4,Year to Date,Annual Rate,2022 Q1,2022 Q2,2022 Q3,2022 Q4,Year to Date,Annual Rate,2022 Q1,2022 Q2,2022 Q3,2022 Q4,Year to Date,Annual Rate,2022 Q1,2022 Q2,2022 Q3,2022 Q4,Year to Date,Annual Rate,2022 Q1,2022 Q2,2022 Q3,2022 Q4,Year to Date,Annual Rate,2022 Q1,2022 Q2,2022 Q3,2022 Q4,Year to Date,Annual Rate
Alachua,Alachua County Sheriff's Office,"124,408",168,135,592,475.9,"1,124",903.5,0,0,0,0,0,0,5,4,9,10,28,22.5,2,6,4,5,17,13.7,14,13,46,50,123,98.9,12,11,17,25,65,52.2,0,0,0,2,2,1.6,2,0,2,0,4,3.2,4,2,8,14,28,22.5,15,20,36,43,114,91.6,14,10,11,1,36,28.9,0,1,8,9,18,14.5,0,1,0,0,1,0.8,26,26,76,114,242,194.5,8,16,25,33,82,65.9,0,0,0,0,0,0,0,0,1,1,2,1.6,26,47,115,170,358,287.8,4,3,6,4,17,13.7,0,1,4,2,7,5.6,0,3,7,3,13,10.4,64,68,91,97,320,257.2,0,0,0,0,0,0,0,0,0,0,0,0,12,13,28,16,69,55.5,2,15,5,4,26,20.9,0,0,1,4,5,4,0,0,0,0,0,0,2,2,0,3,7,5.6,1,0,2,1,4,3.2,22,23,57,82,184,147.9,0,0,0,0,0,0,16,15,16,18,65,52.2,7,5,14,14,40,32.2,0,0,0,1,1,0.8,0,0,0,0,0,0,0,0,0,0,0,0,2,2,2,0,6,4.8
Alachua,Gainesville Police Department,"145,879","1,140",781.5,"4,542",3113.5,"3,874",2655.6,1,3,4,4,12,8.2,68,49,30,39,186,127.5,40,38,35,48,161,110.4,173,181,224,203,781,535.4,81,90,105,81,357,244.7,5,3,0,2,10,6.9,1,0,0,0,1,0.7,223,198,243,257,921,631.3,152,175,321,249,897,614.9,74,57,84,59,274,187.8,35,33,41,24,133,91.2,0,0,2,1,3,2.1,297,302,392,380,"1,371",939.8,89,165,199,122,575,394.2,0,0,1,0,1,0.7,5,4,4,5,18,12.3,337,363,321,304,"1,325",908.3,0,0,0,0,0,0,48,52,49,54,203,139.2,10,18,12,11,51,35,173,166,172,140,651,446.3,0,0,1,0,1,0.7,1,1,0,3,5,3.4,157,172,134,123,586,401.7,13,20,22,21,76,52.1,1,5,2,3,11,7.5,0,0,0,0,0,0,5,10,6,4,25,17.1,1,1,1,0,3,2.1,135,149,165,128,577,395.5,0,1,1,1,3,2.1,42,50,53,51,196,134.4,34,39,38,22,133,91.2,0,0,0,0,0,0,0,1,0,0,1,0.7,0,0,0,0,0,0,2,3,0,3,8,5.5
Alachua,University of Florida Police Department,0,10,--,208,--,177,--,0,0,0,0,0,--,0,0,2,2,4,--,1,0,0,0,1,--,0,2,3,0,5,--,1,2,0,8,11,--,0,0,0,0,0,--,0,0,0,0,0,--,0,0,1,2,3,--,0,2,5,8,15,--,3,0,9,7,19,--,2,6,9,9,26,--,0,0,0,1,1,--,0,13,49,59,121,--,0,1,6,5,12,--,0,0,0,0,0,--,0,0,0,0,0,--,0,5,14,12,31,--,0,0,1,4,5,--,0,1,1,2,4,--,1,0,0,0,1,--,1,4,33,26,64,--,0,0,0,0,0,--,0,0,0,0,0,--,1,0,0,4,5,--,6,3,17,8,34,--,0,1,3,0,4,--,0,0,0,0,0,--,0,0,0,0,0,--,0,0,2,0,2,--,2,3,6,11,22,--,0,0,0,0,0,--,1,1,1,2,5,--,0,0,0,0,0,--,0,0,0,0,0,--,0,0,0,0,0,--,0,0,0,0,0,--,0,0,0,0,0,--
Baker,Baker County Sheriff's Office,"27,881",29,104,122,437.6,157,563.1,0,0,0,0,0,0,0,0,2,0,2,7.2,0,0,0,0,0,0,11,8,6,2,27,96.8,8,6,9,3,26,93.3,0,0,0,0,0,0,0,0,0,0,0,0,7,3,3,3,16,57.4,6,13,5,4,28,100.4,0,2,0,1,3,10.8,1,1,0,0,2,7.2,0,0,0,0,0,0,9,10,10,8,37,132.7,2,2,4,2,10,35.9,0,0,0,0,0,0,0,0,0,0,0,0,23,11,1,4,39,139.9,0,0,0,0,0,0,4,1,1,1,7,25.1,0,0,0,0,0,0,58,10,2,8,78,279.8,0,0,0,0,0,0,0,0,0,0,0,0,3,1,1,0,5,17.9,0,1,0,1,2,7.2,0,1,0,0,1,3.6,0,0,0,0,0,0,0,0,0,0,0,0,0,0,0,0,0,0,2,4,1,3,10,35.9,0,0,0,0,0,0,7,1,1,3,12,43,0,0,0,0,0,0,0,0,0,0,0,0,0,0,0,0,0,0,0,0,0,0,0,0,1,0,0,2,3,10.8
Brevard,Palm Bay Police Department,"126,748",447,352.7,"1,514",1194.5,"4,303",3394.9,2,1,1,2,6,4.7,36,34,27,41,138,108.9,3,15,14,10,42,33.1,66,63,56,76,261,205.9,61,64,61,48,234,184.6,1,5,2,0,8,6.3,0,0,0,1,1,0.8,22,25,40,48,135,106.5,64,87,59,62,272,214.6,31,24,26,25,106,83.6,23,34,44,47,148,116.8,1,0,1,1,3,2.4,126,143,109,104,482,380.3,22,35,38,30,125,98.6,0,1,0,1,2,1.6,1,1,0,0,2,1.6,478,539,428,461,"1,906",1503.8,0,6,1,20,27,21.3,30,19,19,17,85,67.1,6,1,2,5,14,11,318,331,333,332,"1,314",1036.7,0,0,0,0,0,0,1,3,6,3,13,10.3,106,133,129,117,485,382.6,14,8,16,13,51,40.2,2,1,1,1,5,3.9,2,0,1,0,3,2.4,17,13,20,15,65,51.3,1,8,20,9,38,30,18,16,22,34,90,71,0,0,0,0,0,0,30,28,26,24,108,85.2,27,16,18,11,72,56.8,7,0,4,3,14,11,0,1,0,0,1,0.8,0,1,4,0,5,3.9,0,1,2,0,3,2.4
Broward,Coral Springs Police Department,"134,816",116,86,"1,040",771.4,"1,273",944.2,1,0,0,1,2,1.5,11,6,4,7,28,20.8,9,3,7,5,24,17.8,17,1,12,32,62,46,18,12,27,33,90,66.8,0,0,0,0,0,0,0,1,4,0,5,3.7,55,29,94,157,335,248.5,33,29,52,74,188,139.4,8,17,32,26,83,61.6,0,0,0,0,0,0,0,0,0,0,0,0,69,36,66,94,265,196.6,19,12,23,20,74,54.9,0,0,0,0,0,0,1,0,1,2,4,3,118,44,153,239,554,410.9,0,0,0,0,0,0,4,1,4,2,11,8.2,0,0,1,1,2,1.5,25,15,60,70,170,126.1,0,0,0,0,0,0,0,0,0,0,0,0,43,47,43,47,180,133.5,1,0,0,1,2,1.5,1,3,5,4,13,9.6,0,0,0,0,0,0,5,2,2,1,10,7.4,5,0,0,4,9,6.7,26,21,43,57,147,109,0,0,0,0,0,0,11,1,10,31,53,39.3,34,23,35,25,117,86.8,0,0,0,0,0,0,0,0,0,0,0,0,0,0,0,0,0,0,0,0,1,0,1,0.7
Charlotte,Charlotte County Sheriff's Office,"176,812",172,97.3,"1,198",677.6,"3,371",1906.5,0,0,2,1,3,1.7,5,4,4,7,20,11.3,2,2,1,2,7,4,30,34,33,45,142,80.3,32,39,45,54,170,96.1,1,0,0,0,1,0.6,0,0,0,2,2,1.1,72,68,63,61,264,149.3,30,58,31,20,139,78.6,6,15,16,9,46,26,20,19,26,21,86,48.6,1,1,1,0,3,1.7,98,103,95,87,383,216.6,14,27,27,36,104,58.8,0,0,0,0,0,0,5,0,1,1,7,4,287,243,231,261,"1,022",578,2,3,5,0,10,5.7,3,4,5,2,14,7.9,0,0,0,0,0,0,428,402,284,459,"1,573",889.6,0,1,1,0,2,1.1,6,13,5,6,30,17,75,84,87,79,325,183.8,7,12,6,9,34,19.2,0,2,1,0,3,1.7,0,0,4,6,10,5.7,1,4,2,2,9,5.1,5,10,5,2,22,12.4,46,57,53,41,197,111.4,0,0,2,0,2,1.1,16,18,17,27,78,44.1,6,5,11,6,28,15.8,0,0,1,0,1,0.6,0,0,0,0,0,0,0,0,0,0,0,0,3,0,0,1,4,2.3
Collier,Collier County Sheriff's Office,"355,517",862,242.5,"2,896",814.6,"6,354",1787.3,1,1,4,3,9,2.5,21,32,21,21,95,26.7,49,34,21,21,125,35.2,187,163,151,132,633,178.1,72,56,68,71,267,75.1,3,2,1,2,8,2.3,0,0,1,0,1,0.3,87,123,101,109,420,118.1,90,86,95,94,365,102.7,52,67,70,89,278,78.2,110,123,96,101,430,121,0,0,1,0,1,0.3,212,253,196,201,862,242.5,51,63,82,68,264,74.3,0,0,0,1,1,0.3,1,1,0,1,3,0.8,690,603,613,692,"2,598",730.8,38,23,22,41,124,34.9,11,21,29,17,78,21.9,3,5,3,3,14,3.9,430,417,394,341,"1,582",445,1,0,0,0,1,0.3,13,13,19,14,59,16.6,232,172,182,199,785,220.8,31,49,45,36,161,45.3,4,2,4,1,11,3.1,1,1,1,0,3,0.8,7,7,7,7,28,7.9,4,5,5,0,14,3.9,156,170,87,36,449,126.3,0,0,0,0,0,0,42,53,50,40,185,52,52,54,53,70,229,64.4,3,3,0,0,6,1.7,1,0,0,0,1,0.3,0,0,0,0,0,0,5,8,5,4,22,6.2
Collier,Marco Island Police Department,"16,112",16,99.3,85,527.6,133,825.5,0,0,0,0,0,0,2,1,1,1,5,31,0,0,0,0,0,0,1,4,2,4,11,68.3,1,0,3,0,4,24.8,0,0,0,0,0,0,0,0,0,0,0,0,0,5,4,5,14,86.9,1,0,2,1,4,24.8,0,0,0,0,0,0,1,0,0,1,2,12.4,0,0,0,0,0,0,23,13,11,8,55,341.4,0,1,3,2,6,37.2,0,0,0,0,0,0,0,0,0,0,0,0,12,8,14,16,50,310.3,3,2,3,1,9,55.9,2,3,0,1,6,37.2,0,0,0,0,0,0,0,5,0,10,15,93.1,0,0,0,0,0,0,0,0,0,0,0,0,8,4,1,4,17,105.5,0,1,0,1,2,12.4,0,0,0,0,0,0,0,0,0,0,0,0,0,1,1,1,3,18.6,1,0,0,0,1,6.2,4,11,4,5,24,149,0,0,0,0,0,0,0,1,0,2,3,18.6,1,0,1,0,2,12.4,0,0,1,0,1,6.2,0,0,0,0,0,0,0,0,0,0,0,0,0,0,0,0,0,0
DeSoto,Desoto County Sheriff's Office,"27,140",104,383.2,367,1352.2,"1,071",3946.2,0,0,0,2,2,7.4,5,3,3,4,15,55.3,6,3,2,3,14,51.6,17,26,17,13,73,269,17,16,20,23,76,280,0,0,0,0,0,0,0,0,0,0,0,0,6,3,6,2,17,62.6,17,13,14,23,67,246.9,5,2,11,11,29,106.9,3,0,2,1,6,22.1,0,0,0,0,0,0,38,40,35,39,152,560.1,4,6,4,6,20,73.7,0,0,0,0,0,0,1,1,0,0,2,7.4,114,101,72,87,374,1378,3,1,3,4,11,40.5,1,0,6,6,13,47.9,0,1,1,0,2,7.4,123,101,124,119,467,1720.7,0,0,0,0,0,0,0,1,1,0,2,7.4,17,11,8,13,49,180.5,2,0,2,1,5,18.4,1,2,1,1,5,18.4,0,0,0,0,0,0,4,3,2,0,9,33.2,0,1,0,0,1,3.7,23,16,19,20,78,287.4,0,0,0,0,0,0,6,6,5,4,21,77.4,2,4,3,7,16,59,0,0,0,0,0,0,0,0,0,0,0,0,0,0,0,0,0,0,5,2,2,7,16,59
Duval,Atlantic Beach Police Department,"13,500",26,192.6,178,1318.5,468,3466.7,0,0,0,0,0,0,4,0,0,3,7,51.9,0,0,2,0,2,14.8,3,5,7,2,17,125.9,5,7,6,3,21,155.6,0,0,0,0,0,0,0,0,0,0,0,0,3,13,2,7,25,185.2,8,5,16,7,36,266.7,0,1,0,2,3,22.2,0,4,1,1,6,44.4,0,0,0,0,0,0,10,12,24,27,73,540.7,3,7,2,2,14,103.7,0,0,0,0,0,0,0,1,1,0,2,14.8,17,14,11,11,53,392.6,1,1,0,0,2,14.8,0,4,0,3,7,51.9,0,0,0,0,0,0,34,65,67,44,210,1555.6,0,0,0,0,0,0,0,1,1,0,2,14.8,9,9,8,13,39,288.9,6,4,5,15,30,222.2,0,2,0,0,2,14.8,1,0,0,0,1,7.4,0,2,0,0,2,14.8,0,0,1,3,4,29.6,10,23,28,18,79,585.2,0,0,0,0,0,0,8,6,6,4,24,177.8,4,4,1,1,10,74.1,1,0,0,0,1,7.4,0,0,0,0,0,0,0,0,0,0,0,0,0,0,0,0,0,0
Duval,Duval County School Police Department,0,179,--,184,--,"1,815",--,0,0,0,0,0,--,12,2,12,13,39,--,2,0,0,1,3,--,40,28,32,37,137,--,11,15,13,11,50,--,0,2,0,0,2,--,0,0,0,0,0,--,0,1,0,0,1,--,1,4,2,1,8,--,0,1,1,0,2,--,23,24,14,6,67,--,0,0,0,0,0,--,18,14,11,11,54,--,0,0,0,0,0,--,0,0,0,0,0,--,2,0,0,1,3,--,458,253,197,296,"1,204",--,0,0,3,0,3,--,73,43,63,122,301,--,0,0,0,0,0,--,64,19,31,57,171,--,0,0,0,0,0,--,0,0,0,0,0,--,0,1,1,2,4,--,0,0,0,0,0,--,0,0,0,0,0,--,0,0,0,0,0,--,1,0,0,2,3,--,0,0,1,0,1,--,35,20,13,21,89,--,0,0,0,0,0,--,13,7,5,11,36,--,0,0,0,0,0,--,0,0,0,0,0,--,0,0,0,0,0,--,0,0,0,0,0,--,0,0,0,0,0,--
Duval,Jacksonville Aviation Authority PD,0,7,--,95,--,80,--,0,0,0,0,0,--,0,0,0,0,0,--,0,0,0,0,0,--,0,2,0,5,7,--,0,0,0,0,0,--,0,0,0,0,0,--,0,1,1,0,2,--,1,0,2,2,5,--,2,6,11,7,26,--,0,0,3,0,3,--,2,1,2,0,5,--,0,0,0,0,0,--,1,1,3,8,13,--,13,5,4,19,41,--,0,0,0,0,0,--,0,0,0,0,0,--,0,1,5,3,9,--,0,0,0,0,0,--,0,0,0,1,1,--,0,0,0,0,0,--,9,8,7,10,34,--,0,0,0,0,0,--,1,0,1,0,2,--,5,6,4,6,21,--,0,0,0,0,0,--,0,0,0,0,0,--,0,0,0,0,0,--,0,0,0,0,0,--,0,0,0,0,0,--,1,1,6,0,8,--,0,0,0,0,0,--,0,1,1,3,5,--,0,0,0,0,0,--,0,0,0,0,0,--,0,0,0,0,0,--,0,0,0,0,0,--,0,0,0,0,0,--
Duval,Jacksonville Sheriff's Office,"988,650","6,640",671.6,"24,969",2525.6,"36,315",3673.2,30,33,33,37,133,13.5,143,149,138,126,556,56.2,203,227,211,209,850,86,"1,183","1,373","1,360","1,185","5,101",516,724,694,765,763,"2,946",298,9,12,17,24,62,6.3,4,7,10,8,29,2.9,"1,379","1,427","1,304","1,451","5,561",562.5,"1,484","1,470","1,439","1,334","5,727",579.3,69,87,115,105,376,38,125,126,151,141,543,54.9,8,1,6,2,17,1.7,"1,470","1,730","1,812","1,744","6,756",683.4,633,727,788,804,"2,952",298.6,1,0,1,1,3,0.3,15,10,14,24,63,6.4,"3,341","3,811","3,691","3,571","14,414",1457.9,42,73,58,55,228,23.1,355,456,413,441,"1,665",168.4,76,64,69,63,272,27.5,"1,622","1,793","1,827","1,731","6,973",705.3,0,1,0,0,1,0.1,81,90,72,75,318,32.2,425,484,426,451,"1,786",180.7,114,178,149,123,564,57,13,19,16,20,68,6.9,41,21,67,50,179,18.1,26,10,22,24,82,8.3,51,52,50,50,203,20.5,"1,584","1,696","1,590","1,627","6,497",657.2,0,1,0,0,1,0.1,637,758,710,673,"2,778",281,20,20,25,38,103,10.4,4,9,7,4,24,2.4,1,0,1,1,3,0.3,1,0,0,0,1,0.1,20,25,17,27,89,9
Duval,Neptune Beach Police Department,"7,271",10,137.5,85,1169,158,2173,0,0,0,0,0,0,0,0,1,0,1,13.8,0,1,2,0,3,41.3,1,2,2,1,6,82.5,4,1,1,2,8,110,1,0,0,0,1,13.8,0,0,0,0,0,0,4,5,4,2,15,206.3,2,1,4,4,11,151.3,0,0,0,0,0,0,0,0,1,0,1,13.8,0,0,0,0,0,0,10,10,9,10,39,536.4,0,5,4,1,10,137.5,0,0,0,0,0,0,0,0,0,0,0,0,8,12,1,7,28,385.1,0,0,1,0,1,13.8,1,0,2,0,3,41.3,0,0,0,0,0,0,11,13,8,12,44,605.1,0,0,0,0,0,0,0,1,0,0,1,13.8,2,3,4,5,14,192.5,4,4,5,1,14,192.5,0,0,2,0,2,27.5,1,0,0,0,1,13.8,0,0,0,1,1,13.8,0,2,0,0,2,27.5,3,3,6,12,24,330.1,0,0,0,0,0,0,2,6,6,2,16,220.1,1,2,2,2,7,96.3,0,0,0,0,0,0,0,0,0,0,0,0,0,0,0,0,0,0,0,0,0,0,0,0
Escambia,University of West Florida Police Dept,0,0,--,20,--,15,--,0,0,0,0,0,--,0,0,0,0,0,--,0,0,0,0,0,--,0,0,0,0,0,--,0,1,0,0,1,--,0,0,0,0,0,--,0,0,0,0,0,--,0,0,0,0,0,--,0,0,2,1,3,--,0,0,0,1,1,--,0,3,0,2,5,--,0,0,0,0,0,--,1,1,5,2,9,--,0,0,1,0,1,--,0,0,0,0,0,--,0,0,0,0,0,--,1,0,0,3,4,--,0,0,0,0,0,--,0,0,1,0,1,--,0,0,0,0,0,--,0,0,0,0,0,--,0,0,0,0,0,--,0,0,0,0,0,--,0,0,0,0,0,--,0,0,0,0,0,--,2,0,2,0,4,--,0,0,0,0,0,--,0,0,0,0,0,--,0,0,0,0,0,--,0,1,2,2,5,--,0,0,0,0,0,--,1,0,0,0,1,--,0,0,0,0,0,--,0,0,0,0,0,--,0,0,0,0,0,--,0,0,0,0,0,--,0,0,0,0,0,--
Hamilton,Hamilton County Sheriff's Office,"8,146",49,601.5,177,2172.8,219,2688.4,0,1,1,0,2,24.6,0,3,1,0,4,49.1,0,2,1,1,4,49.1,8,9,16,6,39,478.8,5,18,13,6,42,515.6,0,0,0,0,0,0,0,0,0,0,0,0,2,2,2,1,7,85.9,2,3,1,3,9,110.5,0,0,0,3,3,36.8,4,3,2,2,11,135,0,0,0,0,0,0,23,25,18,14,80,982.1,1,9,11,4,25,306.9,0,0,0,0,0,0,0,0,1,0,1,12.3,23,24,28,19,94,1153.9,0,0,0,0,0,0,0,1,0,0,1,12.3,0,0,1,0,1,12.3,19,7,1,7,34,417.4,0,0,0,0,0,0,0,0,0,0,0,0,1,5,6,1,13,159.6,0,1,0,2,3,36.8,0,0,0,0,0,0,0,0,0,0,0,0,1,1,1,0,3,36.8,0,1,0,1,2,24.6,9,20,12,13,54,662.9,0,0,0,0,0,0,3,1,2,2,8,98.2,0,1,1,0,2,24.6,0,0,0,0,0,0,0,0,0,0,0,0,0,0,0,0,0,0,1,1,1,0,3,36.8
Hendry,Hendry County Sheriff's Office,"33,317",89,267.1,316,948.5,669,2008,0,0,0,0,0,0,4,6,4,2,16,48,0,0,1,2,3,9,27,15,20,8,70,210.1,22,33,22,13,90,270.1,0,0,0,0,0,0,0,0,0,0,0,0,2,8,10,2,22,66,11,16,20,3,50,150.1,2,1,0,2,5,15,4,6,3,1,14,42,0,1,0,0,1,3,30,47,42,13,132,396.2,0,1,1,0,2,6,0,0,0,0,0,0,0,0,1,0,1,3,55,48,37,23,163,489.2,0,0,0,0,0,0,1,0,4,0,5,15,1,3,3,0,7,21,71,50,56,66,243,729.4,1,0,0,0,1,3,0,0,0,0,0,0,16,17,13,3,49,147.1,11,14,10,0,35,105.1,2,3,0,0,5,15,0,0,0,0,0,0,0,0,3,0,3,9,2,1,1,0,4,12,15,31,32,15,93,279.1,0,0,0,0,0,0,17,16,13,7,53,159.1,1,0,1,0,2,6,0,0,0,0,0,0,0,0,0,0,0,0,0,0,0,0,0,0,0,1,4,0,5,15
Hernando,City of Brooksville,"9,481",63,664.5,307,3238.1,421,4440.5,0,0,0,0,0,0,6,3,0,0,9,94.9,2,3,1,2,8,84.4,9,9,11,17,46,485.2,3,4,5,3,15,158.2,0,0,0,0,0,0,0,0,0,0,0,0,44,34,37,53,168,1772,13,2,5,6,26,274.2,5,2,4,1,12,126.6,1,6,8,4,19,200.4,0,0,0,0,0,0,23,17,8,10,58,611.7,3,1,2,3,9,94.9,0,0,1,0,1,10.5,1,0,0,0,1,10.5,57,49,30,54,190,2004,0,0,0,0,0,0,4,1,0,3,8,84.4,0,0,0,0,0,0,17,16,23,39,95,1002,0,0,0,0,0,0,4,2,2,0,8,84.4,4,11,9,6,30,316.4,10,2,5,5,22,232,0,0,0,0,0,0,0,0,0,0,0,0,3,1,0,0,4,42.2,4,1,1,1,7,73.8,15,6,13,11,45,474.6,0,0,0,0,0,0,2,3,2,1,8,84.4,1,0,0,0,1,10.5,0,0,0,0,0,0,0,0,0,0,0,0,0,0,0,0,0,0,1,0,0,0,1,10.5
Hernando,Hernando County Sheriff's Office,"189,726",491,258.8,"2,107",1110.5,"4,266",2248.5,1,3,0,3,7,3.7,18,21,23,16,78,41.1,14,13,7,9,43,22.7,100,75,89,99,363,191.3,63,67,69,123,322,169.7,1,1,0,1,3,1.6,0,0,1,0,1,0.5,141,126,113,142,522,275.1,47,133,87,42,309,162.9,41,43,30,29,143,75.4,69,85,61,52,267,140.7,0,0,0,0,0,0,93,92,95,107,387,204,38,38,41,36,153,80.6,0,0,0,0,0,0,3,7,4,2,16,8.4,431,467,419,419,"1,736",915,0,0,0,0,0,0,47,54,54,43,198,104.4,7,4,5,5,21,11.1,230,250,250,311,"1,041",548.7,0,0,0,0,0,0,37,14,8,3,62,32.7,96,105,105,77,383,201.9,32,35,24,28,119,62.7,8,2,4,3,17,9,1,0,0,0,1,0.5,10,9,6,15,40,21.1,2,3,6,3,14,7.4,100,118,105,116,439,231.4,0,2,0,2,4,2.1,17,21,17,30,85,44.8,17,18,17,20,72,37.9,1,4,0,1,6,3.2,0,0,0,0,0,0,0,0,0,0,0,0,2,4,1,5,12,6.3
Hillsborough,Tampa Police Department,"401,512","2,192",545.9,"7,591",1890.6,"14,348",3573.5,14,9,11,12,46,11.5,56,62,37,47,202,50.3,100,91,87,74,352,87.7,354,398,418,422,"1,592",396.5,173,218,250,309,950,236.6,31,17,23,13,84,20.9,16,16,14,20,66,16.4,237,240,239,275,991,246.8,508,426,394,457,"1,785",444.6,118,137,107,125,487,121.3,187,103,123,105,518,129,1,1,4,4,10,2.5,336,462,456,522,"1,776",442.3,225,233,215,251,924,230.1,0,2,2,2,6,1.5,12,13,5,8,38,9.5,"1,289","1,400","1,378","1,357","5,424",1350.9,3,3,4,6,16,4,48,47,59,53,207,51.6,34,23,24,14,95,23.7,733,909,720,685,"3,047",758.9,0,0,0,0,0,0,43,25,39,28,135,33.6,353,372,351,339,"1,415",352.4,59,82,46,39,226,56.3,2,3,4,4,13,3.2,3,34,13,14,64,15.9,26,13,18,28,85,21.2,7,9,13,15,44,11,566,513,548,558,"2,185",544.2,0,0,0,1,1,0.2,236,273,272,274,"1,055",262.8,65,76,67,47,255,63.5,1,1,2,2,6,1.5,2,4,4,4,14,3.5,0,0,1,0,1,0.2,4,4,5,3,16,4
Jefferson,Jefferson County Sheriff's Office,"12,277",48,391,53,431.7,228,1857.1,0,0,0,0,0,0,6,5,4,2,17,138.5,0,1,1,2,4,32.6,4,12,10,1,27,219.9,0,3,3,0,6,48.9,0,0,1,0,1,8.1,0,1,0,0,1,8.1,0,0,4,0,4,32.6,1,2,2,1,6,48.9,1,0,3,0,4,32.6,0,0,2,0,2,16.3,0,0,0,0,0,0,2,6,6,11,25,203.6,1,1,0,2,4,32.6,0,0,0,0,0,0,0,0,0,0,0,0,2,11,24,30,67,545.7,0,0,0,0,0,0,0,0,0,0,0,0,0,0,0,0,0,0,11,34,18,43,106,863.4,0,0,0,0,0,0,0,0,0,0,0,0,0,2,3,3,8,65.2,0,4,1,3,8,65.2,0,0,0,0,0,0,0,0,0,0,0,0,0,0,0,1,1,8.1,0,0,0,0,0,0,0,5,8,11,24,195.5,0,0,0,0,0,0,1,4,2,3,10,81.5,0,0,1,2,3,24.4,0,0,0,0,0,0,0,0,0,0,0,0,0,0,0,0,0,0,1,0,0,0,1,8.1
Lake,Leesburg Police Department,"28,833",186,645.1,829,2875.2,"1,119",3881,1,0,1,0,2,6.9,18,8,4,8,38,131.8,5,3,6,7,21,72.8,38,25,27,35,125,433.5,28,18,22,35,103,357.2,0,0,0,0,0,0,0,2,1,0,3,10.4,66,72,46,47,231,801.2,12,12,15,29,68,235.8,15,18,8,16,57,197.7,0,0,0,0,0,0,0,0,0,0,0,0,70,86,73,81,310,1075.2,13,12,16,16,57,197.7,0,1,0,0,1,3.5,0,1,1,0,2,6.9,90,110,118,116,434,1505.2,0,0,0,0,0,0,8,8,0,2,18,62.4,1,3,3,3,10,34.7,58,78,58,78,272,943.4,0,0,0,0,0,0,0,0,0,0,0,0,53,38,40,29,160,554.9,4,2,2,3,11,38.2,0,0,1,0,1,3.5,1,0,0,0,1,3.5,1,1,1,1,4,13.9,2,0,2,0,4,13.9,28,43,33,28,132,457.8,0,0,0,0,0,0,16,12,24,16,68,235.8,0,0,1,0,1,3.5,0,0,0,0,0,0,0,0,0,0,0,0,0,0,0,0,0,0,0,0,0,0,0,0
Manatee,Bradenton Police Department,"56,957",274,481.1,"1,160",2036.6,"1,909",3351.7,1,0,0,2,3,5.3,7,6,10,8,31,54.4,4,10,7,22,43,75.5,18,56,61,62,197,345.9,14,37,32,28,111,194.9,1,0,1,2,4,7,0,4,0,1,5,8.8,17,50,66,56,189,331.8,27,69,66,74,236,414.3,4,18,19,16,57,100.1,25,41,36,41,143,251.1,0,0,2,0,2,3.5,29,86,86,125,326,572.4,5,31,28,23,87,152.7,0,0,0,0,0,0,0,1,0,0,1,1.8,72,258,273,261,864,1516.9,0,0,0,0,0,0,2,1,8,8,19,33.4,0,0,0,3,3,5.3,34,149,99,148,430,755,0,0,0,0,0,0,0,1,1,2,4,7,21,41,50,39,151,265.1,1,7,4,8,20,35.1,1,1,0,0,2,3.5,0,2,0,0,2,3.5,1,2,2,4,9,15.8,0,7,4,15,26,45.6,54,95,82,85,316,554.8,0,0,0,0,0,0,3,17,17,21,58,101.8,1,1,0,1,3,5.3,0,0,0,0,0,0,0,0,0,0,0,0,0,0,0,0,0,0,0,0,1,0,1,1.8
Marion,Marion County Sheriff's Office,"319,270",876,274.4,"2,363",740.1,"4,362",1366.2,0,1,0,0,1,0.3,46,62,42,40,190,59.5,1,3,2,3,9,2.8,155,152,181,188,676,211.7,89,100,117,107,413,129.4,0,0,0,1,1,0.3,0,0,1,0,1,0.3,76,93,143,142,454,142.2,119,123,124,117,483,151.3,17,16,20,22,75,23.5,31,21,36,39,127,39.8,0,0,1,0,1,0.3,146,183,159,195,683,213.9,28,33,38,26,125,39.2,0,0,0,0,0,0,2,1,0,2,5,1.6,792,793,789,797,"3,171",993.2,0,0,0,0,0,0,0,0,0,0,0,0,7,3,2,11,23,7.2,226,123,52,27,428,134.1,0,0,0,0,0,0,1,0,0,0,1,0.3,25,11,12,21,69,21.6,6,4,2,7,19,6,1,1,0,1,3,0.9,8,3,3,1,15,4.7,14,9,5,3,31,9.7,2,0,2,2,6,1.9,91,106,109,124,430,134.7,0,0,0,0,0,0,32,39,31,38,140,43.9,0,2,0,1,3,0.9,0,0,0,0,0,0,0,0,0,0,0,0,1,0,0,0,1,0.3,1,0,6,10,17,5.3
Martin,Martin County Sheriff's Office,"140,068",290,207,"1,433",1023.1,"3,393",2422.4,3,1,0,3,7,5,16,16,23,17,72,51.4,12,7,6,6,31,22.1,32,51,44,53,180,128.5,47,50,55,48,200,142.8,1,1,0,0,2,1.4,0,0,1,0,1,0.7,26,42,39,47,154,109.9,64,53,55,48,220,157.1,4,4,6,6,20,14.3,27,10,7,10,54,38.6,0,0,0,0,0,0,181,148,170,175,674,481.2,30,19,25,34,108,77.1,0,0,0,1,1,0.7,0,0,2,3,5,3.6,307,259,309,304,"1,179",841.7,1,0,2,1,4,2.9,36,39,43,40,158,112.8,3,1,2,7,13,9.3,149,137,165,149,600,428.4,0,0,0,0,0,0,0,0,0,0,0,0,124,124,118,108,474,338.4,23,17,25,25,90,64.3,0,1,0,0,1,0.7,6,7,5,9,27,19.3,26,26,23,15,90,64.3,4,4,9,7,24,17.1,104,101,96,94,395,282,0,0,0,0,0,0,18,24,23,11,76,54.3,97,48,47,33,225,160.6,3,3,3,2,11,7.9,1,3,1,0,5,3.6,0,1,0,1,2,1.4,9,0,0,4,13,9.3
Miami-Dade,Aventura Police Department,"40,350",70,173.5,"1,620",4014.9,682,1690.2,0,0,0,0,0,0,1,1,0,0,2,5,7,9,1,9,26,64.4,3,11,10,18,42,104.1,19,7,15,18,59,146.2,3,2,4,8,17,42.1,0,0,0,0,0,0,196,212,242,242,892,2210.7,31,32,22,47,132,327.1,15,13,13,11,52,128.9,10,7,15,6,38,94.2,0,0,0,0,0,0,107,97,89,85,378,936.8,16,17,9,10,52,128.9,0,0,0,0,0,0,0,0,0,0,0,0,65,50,42,69,226,560.1,0,0,0,0,0,0,3,5,13,12,33,81.8,0,3,1,5,9,22.3,14,6,4,8,32,79.3,1,0,0,0,1,2.5,0,0,0,0,0,0,28,23,26,23,100,247.8,2,3,3,1,9,22.3,1,2,0,1,4,9.9,0,0,0,0,0,0,2,0,0,13,15,37.2,8,4,5,5,22,54.5,24,21,34,24,103,255.3,1,0,0,0,1,2.5,12,2,2,2,18,44.6,32,19,25,26,102,252.8,1,0,1,0,2,5,0,0,0,0,0,0,0,0,0,0,0,0,0,1,2,2,5,12.4
Miami-Dade,Doral Police Department,"81,182",141,173.7,"1,515",1866.2,"1,459",1797.2,0,0,0,0,0,0,8,7,2,0,17,20.9,4,5,6,5,20,24.6,22,30,29,23,104,128.1,17,15,27,22,81,99.8,2,2,0,3,7,8.6,9,6,4,3,22,27.1,68,86,102,95,351,432.4,57,38,44,47,186,229.1,47,67,78,67,259,319,4,5,5,3,17,20.9,1,0,0,0,1,1.2,92,122,114,109,437,538.3,36,38,45,35,154,189.7,0,0,0,0,0,0,0,0,0,0,0,0,102,105,117,105,429,528.4,0,0,0,0,0,0,8,11,8,5,32,39.4,5,6,2,4,17,20.9,28,45,65,23,161,198.3,0,0,0,0,0,0,7,6,5,4,22,27.1,114,125,123,133,495,609.7,2,3,6,11,22,27.1,1,4,0,3,8,9.9,0,6,0,0,6,7.4,1,0,0,0,1,1.2,6,8,14,9,37,45.6,38,44,51,53,186,229.1,0,0,0,0,0,0,8,13,10,8,39,48,0,0,0,0,0,0,0,0,0,0,0,0,0,1,1,0,2,2.5,0,0,0,0,0,0,2,0,0,0,2,2.5
Miami-Dade,Miami Lakes Police Department,"30,905",41,132.7,439,1420.5,287,928.7,2,0,0,0,2,6.5,0,1,2,2,5,16.2,1,1,0,2,4,12.9,9,8,5,8,30,97.1,4,8,8,7,27,87.4,0,0,0,1,1,3.2,1,1,0,0,2,6.5,11,4,5,7,27,87.4,31,42,43,49,165,533.9,7,2,2,8,19,61.5,4,4,2,0,10,32.4,0,0,0,0,0,0,15,30,27,31,103,333.3,15,28,30,12,85,275,0,0,0,0,0,0,0,0,0,0,0,0,21,21,20,14,76,245.9,0,0,0,1,1,3.2,4,1,0,3,8,25.9,0,1,0,0,1,3.2,1,1,1,0,3,9.7,0,0,0,0,0,0,0,0,0,0,0,0,11,15,15,16,57,184.4,1,14,17,6,38,123,0,1,0,0,1,3.2,0,0,0,0,0,0,1,0,0,0,1,3.2,0,0,0,0,0,0,19,24,11,9,63,203.9,0,0,0,0,0,0,0,1,2,0,3,9.7,10,7,10,7,34,110,0,0,1,0,1,3.2,0,0,0,0,0,0,0,0,0,0,0,0,0,0,0,0,0,0
Miami-Dade,Miami-Dade Police Department,"1,202,048","6,295",523.7,"26,788",2228.5,"21,107",1755.9,22,37,17,28,104,8.7,199,192,184,141,716,59.6,225,254,252,263,994,82.7,"1,085","1,191","1,146","1,059","4,481",372.8,561,594,545,538,"2,238",186.2,2,12,16,9,39,3.2,0,0,1,2,3,0.2,"1,113","1,026",989,"1,116","4,244",353.1,"1,425","1,472","1,477","1,375","5,749",478.3,278,433,376,478,"1,565",130.2,66,51,43,46,206,17.1,2,2,2,1,7,0.6,"1,936","2,183","2,482","2,256","8,857",736.8,978,"1,000","1,007",895,"3,880",322.8,0,1,0,2,3,0.2,7,11,15,14,47,3.9,"1,641","1,766","1,898","1,941","7,246",602.8,39,49,46,37,171,14.2,220,185,213,138,756,62.9,17,43,32,17,109,9.1,707,626,585,655,"2,573",214.1,1,0,0,0,1,0.1,0,1,3,2,6,0.5,595,634,702,700,"2,631",218.9,169,158,135,154,616,51.2,26,27,26,23,102,8.5,2,9,14,4,29,2.4,53,27,29,19,128,10.6,12,12,5,16,45,3.7,"1,092","1,106","1,099","1,141","4,438",369.2,1,1,0,1,3,0.2,314,252,191,207,964,80.2,387,321,231,239,"1,178",98,4,4,5,4,17,1.4,0,4,2,2,8,0.7,1,1,0,0,2,0.2,9,7,9,9,34,2.8
Miami-Dade,Palmetto Bay Police Department,"25,041",41,163.7,407,1625.3,279,1114.2,0,0,0,0,0,0,0,1,1,0,2,8,1,5,2,0,8,31.9,6,3,12,10,31,123.8,6,13,3,5,27,107.8,0,0,0,0,0,0,0,0,0,0,0,0,18,37,38,41,134,535.1,19,26,26,20,91,363.4,1,1,4,4,10,39.9,2,3,1,0,6,24,0,0,0,0,0,0,27,17,21,31,96,383.4,7,9,14,13,43,171.7,0,0,0,1,1,4,0,0,0,0,0,0,11,20,13,12,56,223.6,3,0,1,0,4,16,3,5,3,3,14,55.9,0,0,0,0,0,0,4,9,4,6,23,91.8,0,0,0,0,0,0,0,0,0,0,0,0,8,19,17,19,63,251.6,4,3,7,4,18,71.9,0,1,0,1,2,8,0,0,0,0,0,0,0,0,1,0,1,4,0,0,0,0,0,0,13,13,13,12,51,203.7,0,0,0,0,0,0,1,1,1,0,3,12,9,9,10,13,41,163.7,0,0,0,1,1,4,0,0,0,0,0,0,0,0,0,0,0,0,0,0,1,0,1,4
Miami-Dade,South Miami Police Department,"12,090",68,562.4,336,2779.2,355,2936.3,0,0,0,0,0,0,1,0,2,4,7,57.9,4,7,2,3,16,132.3,11,10,15,9,45,372.2,10,8,8,15,41,339.1,1,1,0,0,2,16.5,1,0,0,0,1,8.3,7,16,9,15,47,388.8,17,21,16,27,81,670,5,6,5,8,24,198.5,1,0,0,0,1,8.3,0,0,0,0,0,0,15,30,34,29,108,893.3,8,11,7,5,31,256.4,0,0,0,0,0,0,0,0,0,0,0,0,40,34,27,19,120,992.6,0,0,0,0,0,0,7,3,5,12,27,223.3,1,0,0,0,1,8.3,26,15,15,7,63,521.1,0,0,0,0,0,0,0,0,0,0,0,0,12,14,9,12,47,388.8,8,6,1,2,17,140.6,0,0,3,0,3,24.8,0,1,0,0,1,8.3,0,0,0,0,0,0,0,0,0,1,1,8.3,16,16,12,24,68,562.4,0,0,0,0,0,0,4,1,1,1,7,57.9,0,0,0,0,0,0,0,0,0,0,0,0,0,0,0,0,0,0,0,0,0,0,0,0,0,0,0,0,0,0
Miami-Dade,Sunny Isles Beach Police Department,"22,756",21,92.3,303,1331.5,300,1318.3,0,0,0,0,0,0,0,2,4,0,6,26.4,1,1,1,2,5,22,3,2,4,1,10,43.9,4,5,3,3,15,65.9,0,0,1,1,2,8.8,1,0,0,0,1,4.4,10,8,12,8,38,167,7,19,8,5,39,171.4,5,5,3,3,16,70.3,17,12,9,13,51,224.1,0,0,0,0,0,0,22,32,27,27,108,474.6,10,7,9,7,33,145,0,0,0,0,0,0,0,0,0,0,0,0,34,31,36,36,137,602,0,0,0,0,0,0,1,2,1,1,5,22,0,0,1,1,2,8.8,0,1,3,2,6,26.4,0,0,0,0,0,0,0,1,1,1,3,13.2,4,11,10,5,30,131.8,1,0,0,0,1,4.4,0,0,0,0,0,0,0,0,0,0,0,0,0,0,0,0,0,0,4,0,0,0,4,17.6,25,19,35,20,99,435.1,0,0,0,0,0,0,2,4,1,1,8,35.2,1,1,0,1,3,13.2,0,0,0,0,0,0,0,0,0,0,0,0,0,0,0,0,0,0,1,0,1,0,2,8.8
Miami-Dade,Town of Cutler Bay Police Dept.,"45,545",78,171.3,783,1719.2,527,1157.1,0,0,0,0,0,0,4,5,2,0,11,24.2,4,5,3,4,16,35.1,11,12,15,13,51,112,8,8,14,12,42,92.2,0,0,0,0,0,0,0,0,0,0,0,0,38,59,56,77,230,505,74,59,31,42,206,452.3,1,1,3,4,9,19.8,2,0,1,2,5,11,0,0,0,0,0,0,44,61,50,57,212,465.5,26,20,14,19,79,173.5,0,0,0,0,0,0,0,0,0,0,0,0,39,54,55,46,194,426,0,0,1,2,3,6.6,4,7,6,5,22,48.3,1,1,1,0,3,6.6,8,16,12,5,41,90,0,0,0,0,0,0,1,0,1,0,2,4.4,20,21,19,17,77,169.1,7,5,2,5,19,41.7,0,4,0,0,4,8.8,0,1,0,0,1,2.2,3,0,0,0,3,6.6,0,0,0,0,0,0,25,23,29,31,108,237.1,0,0,0,0,0,0,2,3,1,5,11,24.2,14,5,9,9,37,81.2,0,0,0,0,0,0,0,0,0,0,0,0,0,0,0,0,0,0,0,2,0,0,2,4.4
Monroe,Monroe County Sheriff's Office,"56,114",181,322.6,449,800.2,"1,042",1856.9,1,0,3,0,4,7.1,3,1,5,2,11,19.6,2,7,2,1,12,21.4,37,35,37,45,154,274.4,7,16,12,5,40,71.3,0,0,0,0,0,0,0,0,0,0,0,0,5,19,11,20,55,98,17,11,19,9,56,99.8,2,4,0,5,11,19.6,14,8,8,10,40,71.3,0,0,0,0,0,0,49,55,50,60,214,381.4,4,13,8,8,33,58.8,0,0,0,0,0,0,0,0,0,1,1,1.8,89,109,112,93,403,718.2,6,8,6,15,35,62.4,1,2,3,3,9,16,0,1,1,0,2,3.6,138,132,100,81,451,803.7,0,0,0,0,0,0,5,5,7,7,24,42.8,11,9,19,11,50,89.1,3,3,5,7,18,32.1,0,0,0,0,0,0,0,0,0,0,0,0,2,0,0,0,2,3.6,1,1,0,2,4,7.1,7,7,8,8,30,53.5,0,0,0,0,0,0,4,4,1,2,11,19.6,0,1,0,0,1,1.8,0,0,0,0,0,0,0,0,0,0,0,0,0,0,0,0,0,0,0,0,0,1,1,1.8
Osceola,Kissimmee Police Department,"82,168",358,435.7,"1,532",1864.5,"2,607",3172.8,0,0,0,2,2,2.4,15,19,13,12,59,71.8,18,13,17,13,61,74.2,64,68,51,53,236,287.2,52,56,62,44,214,260.4,0,0,0,0,0,0,1,4,7,3,15,18.3,76,75,61,83,295,359,37,71,45,37,190,231.2,20,32,31,20,103,125.4,0,1,0,0,1,1.2,0,0,1,1,2,2.4,155,139,139,151,584,710.7,25,39,39,25,128,155.8,0,0,0,0,0,0,2,0,1,2,5,6.1,377,391,320,326,"1,414",1720.9,0,0,0,0,0,0,11,15,19,16,61,74.2,11,5,6,7,29,35.3,64,90,78,99,331,402.8,0,0,0,0,0,0,0,0,0,0,0,0,79,52,64,56,251,305.5,5,5,3,2,15,18.3,0,0,0,0,0,0,0,3,0,0,3,3.7,1,1,2,2,6,7.3,2,3,1,2,8,9.7,122,108,90,81,401,488,0,0,0,0,0,0,21,21,11,25,78,94.9,0,0,2,2,4,4.9,0,0,0,0,0,0,0,0,0,0,0,0,0,1,0,0,1,1.2,0,0,0,0,0,0
Pinellas,Belleair Beach Police Department,"1,643",0,0,30,1825.9,24,1460.7,0,0,0,0,0,0,0,0,0,0,0,0,0,0,0,0,0,0,0,0,0,0,0,0,0,1,0,1,2,121.7,0,0,0,0,0,0,0,0,0,0,0,0,0,0,0,0,0,0,4,0,0,15,19,1156.4,0,0,0,1,1,60.9,0,1,0,0,1,60.9,0,0,0,0,0,0,2,2,0,2,6,365.2,0,0,0,1,1,60.9,0,0,0,0,0,0,0,0,0,0,0,0,0,6,1,3,10,608.6,0,0,0,0,0,0,0,1,0,0,1,60.9,0,0,0,0,0,0,0,2,3,2,7,426,0,0,0,0,0,0,0,0,0,0,0,0,1,1,1,1,4,243.5,0,0,0,0,0,0,0,0,0,0,0,0,0,0,0,0,0,0,0,0,0,0,0,0,0,0,0,0,0,0,0,0,0,0,0,0,0,0,0,0,0,0,0,0,0,1,1,60.9,1,0,0,0,1,60.9,0,0,0,0,0,0,0,0,0,0,0,0,0,0,0,0,0,0,0,0,0,0,0,0
Pinellas,Belleair Bluffs Police Department,"2,332",3,128.6,26,1114.9,28,1200.7,0,0,0,0,0,0,0,1,0,0,1,42.9,0,1,0,0,1,42.9,0,0,0,1,1,42.9,0,0,0,2,2,85.8,0,0,0,0,0,0,0,0,0,0,0,0,0,1,2,1,4,171.5,0,0,1,7,8,343.1,0,0,0,1,1,42.9,0,0,0,0,0,0,0,0,0,0,0,0,4,2,1,2,9,385.9,0,1,0,1,2,85.8,0,0,0,0,0,0,0,0,0,0,0,0,5,4,2,3,14,600.3,0,0,0,0,0,0,0,1,0,0,1,42.9,0,0,0,0,0,0,0,1,4,2,7,300.2,0,0,0,0,0,0,0,0,0,0,0,0,1,1,3,0,5,214.4,0,0,0,1,1,42.9,0,0,0,0,0,0,0,0,0,0,0,0,0,0,0,0,0,0,0,0,0,0,0,0,0,0,0,0,0,0,0,0,0,0,0,0,0,0,0,0,0,0,0,0,0,0,0,0,0,0,0,0,0,0,0,0,0,0,0,0,0,0,0,0,0,0,0,0,0,0,0,0
Pinellas,Belleair Police Department,"4,372",2,45.7,41,937.8,28,640.4,0,0,0,0,0,0,0,1,0,0,1,22.9,0,0,0,0,0,0,0,1,0,0,1,22.9,0,0,3,2,5,114.4,0,0,0,0,0,0,0,0,0,0,0,0,0,0,0,0,0,0,2,8,5,2,17,388.8,0,0,0,0,0,0,1,1,2,1,5,114.4,0,0,0,0,0,0,3,4,4,3,14,320.2,0,0,0,0,0,0,0,0,0,0,0,0,0,0,0,0,0,0,3,2,1,1,7,160.1,0,0,0,0,0,0,0,0,0,0,0,0,0,0,0,0,0,0,0,0,0,0,0,0,0,0,0,0,0,0,0,0,0,0,0,0,3,6,3,1,13,297.3,0,0,0,0,0,0,0,0,0,1,1,22.9,0,0,0,0,0,0,0,0,0,1,1,22.9,0,0,0,1,1,22.9,0,0,0,0,0,0,0,0,0,0,0,0,1,0,0,0,1,22.9,0,0,1,2,3,68.6,0,0,0,0,0,0,0,0,0,0,0,0,0,0,0,0,0,0,0,0,0,1,1,22.9
Pinellas,City of Seminole,"19,476",32,164.3,352,1807.4,416,2136,0,0,0,0,0,0,5,5,4,1,15,77,0,0,0,1,1,5.1,2,3,8,3,16,82.2,3,7,5,11,26,133.5,0,0,1,0,1,5.1,0,0,0,0,0,0,23,14,38,56,131,672.6,11,8,8,12,39,200.2,3,3,3,3,12,61.6,6,8,11,4,29,148.9,0,0,0,0,0,0,19,24,25,25,93,477.5,4,4,6,7,21,107.8,0,0,1,0,1,5.1,0,1,2,0,3,15.4,28,31,19,28,106,544.3,0,0,0,0,0,0,4,2,1,2,9,46.2,0,0,0,2,2,10.3,34,33,25,36,128,657.2,0,0,0,0,0,0,1,1,3,1,6,30.8,23,23,28,33,107,549.4,0,4,3,7,14,71.9,0,1,1,0,2,10.3,0,0,0,0,0,0,0,1,0,0,1,5.1,1,1,3,2,7,35.9,0,3,0,1,4,20.5,0,0,0,0,0,0,2,6,2,0,10,51.3,5,2,6,3,16,82.2,0,0,0,0,0,0,0,0,0,0,0,0,0,0,0,0,0,0,0,0,0,0,0,0
Pinellas,Dunedin Police Department,"36,102",44,121.9,384,1063.7,547,1515.2,1,0,0,0,1,2.8,4,3,1,3,11,30.5,1,0,2,1,4,11.1,6,12,6,4,28,77.6,8,5,11,11,35,96.9,0,0,0,0,0,0,0,0,0,0,0,0,7,20,11,6,44,121.9,26,28,34,18,106,293.6,7,6,9,6,28,77.6,10,6,10,9,35,96.9,1,0,1,0,2,5.5,19,26,23,37,105,290.8,2,8,8,11,29,80.3,0,0,0,0,0,0,0,0,0,0,0,0,50,61,51,55,217,601.1,0,1,1,2,4,11.1,3,6,9,11,29,80.3,2,0,0,0,2,5.5,17,25,19,13,74,205,0,0,0,0,0,0,0,0,0,4,4,11.1,40,31,27,32,130,360.1,11,6,2,9,28,77.6,1,1,1,1,4,11.1,0,0,0,0,0,0,0,2,0,0,2,5.5,1,0,1,0,2,5.5,0,0,1,0,1,2.8,0,0,0,0,0,0,1,4,0,5,10,27.7,8,11,8,10,37,102.5,1,1,0,1,3,8.3,0,0,0,0,0,0,0,0,0,0,0,0,0,0,0,0,0,0
Pinellas,Indian Rocks Beach PD,"3,719",5,134.4,76,2043.6,87,2339.3,0,0,0,0,0,0,0,0,1,0,1,26.9,1,0,1,0,2,53.8,1,0,0,1,2,53.8,2,9,0,2,13,349.6,0,0,0,0,0,0,0,0,0,0,0,0,2,4,0,4,10,268.9,7,2,2,2,13,349.6,2,0,0,0,2,53.8,0,1,2,0,3,80.7,0,0,0,0,0,0,7,9,4,9,29,779.8,0,4,1,1,6,161.3,0,0,0,0,0,0,0,0,0,0,0,0,9,8,13,6,36,968,0,0,0,0,0,0,1,0,1,1,3,80.7,0,0,0,0,0,0,5,3,4,10,22,591.6,0,0,0,0,0,0,0,0,0,0,0,0,2,5,6,5,18,484,0,1,0,0,1,26.9,0,0,0,0,0,0,0,0,0,0,0,0,0,0,0,0,0,0,0,0,0,0,0,0,0,0,1,1,2,53.8,0,0,0,0,0,0,0,1,1,0,2,53.8,1,2,0,0,3,80.7,0,0,0,0,0,0,0,0,0,0,0,0,0,0,0,0,0,0,0,0,0,0,0,0
Pinellas,Indian Shores Police Department,"1,207",2,165.7,12,994.2,31,2568.4,0,0,0,0,0,0,0,0,0,0,0,0,0,0,0,0,0,0,0,0,1,1,2,165.7,0,1,1,0,2,165.7,0,0,0,0,0,0,0,0,0,0,0,0,0,0,0,0,0,0,1,0,0,0,1,82.9,0,0,0,0,0,0,0,0,1,1,2,165.7,0,0,0,0,0,0,2,4,0,0,6,497.1,1,0,0,0,1,82.9,0,0,0,0,0,0,0,0,0,0,0,0,4,5,5,1,15,1242.8,0,0,0,0,0,0,0,0,0,0,0,0,0,0,0,0,0,0,2,2,1,4,9,745.7,0,0,0,0,0,0,0,0,0,0,0,0,0,2,1,0,3,248.6,0,0,1,0,1,82.9,0,0,0,0,0,0,0,0,0,0,0,0,0,0,0,0,0,0,0,0,0,0,0,0,0,0,0,0,0,0,0,0,0,0,0,0,0,0,0,0,0,0,0,1,0,1,2,165.7,0,0,0,0,0,0,0,0,0,0,0,0,0,0,0,0,0,0,0,1,0,0,1,82.9
Pinellas,Largo Police Department,"84,286",332,393.9,"2,140",2539,"2,688",3189.1,0,1,0,1,2,2.4,19,19,15,19,72,85.4,10,9,8,11,38,45.1,55,46,68,51,220,261,37,40,62,43,182,215.9,0,1,1,0,2,2.4,2,1,0,1,4,4.7,136,196,188,122,642,761.7,48,59,95,62,264,313.2,23,37,15,9,84,99.7,5,6,9,1,21,24.9,0,0,1,1,2,2.4,228,186,209,214,837,993,28,19,30,25,102,121,0,0,0,0,0,0,1,3,1,2,7,8.3,305,309,267,314,"1,195",1417.8,0,0,0,0,0,0,8,24,17,17,66,78.3,2,6,2,5,15,17.8,80,120,99,101,400,474.6,0,0,0,0,0,0,7,4,4,3,18,21.4,117,92,77,81,367,435.4,5,11,15,13,44,52.2,1,1,2,3,7,8.3,0,0,0,0,0,0,24,21,16,19,80,94.9,3,2,1,5,11,13.1,67,80,69,67,283,335.8,0,0,0,1,1,1.2,15,18,12,10,55,65.3,31,34,39,30,134,159,0,0,0,0,0,0,0,0,1,0,1,1.2,0,0,0,0,0,0,0,0,2,2,4,4.7
Pinellas,North Redington Beach PD,"1,495",0,0,12,802.7,27,1806,0,0,0,0,0,0,0,0,0,0,0,0,0,0,0,0,0,0,0,0,0,0,0,0,0,0,1,1,2,133.8,0,0,0,0,0,0,0,0,0,0,0,0,0,0,0,0,0,0,0,1,0,0,1,66.9,0,0,0,0,0,0,0,2,0,0,2,133.8,0,0,0,0,0,0,1,4,1,0,6,401.3,0,0,0,1,1,66.9,0,0,0,0,0,0,0,0,0,0,0,0,2,2,4,1,9,602,0,0,0,0,0,0,0,1,0,0,1,66.9,0,0,0,0,0,0,1,2,1,0,4,267.6,0,0,0,0,0,0,0,0,0,0,0,0,3,2,3,1,9,602,0,0,0,0,0,0,0,0,0,0,0,0,0,0,0,0,0,0,0,0,0,0,0,0,0,0,0,0,0,0,0,0,0,0,0,0,0,0,0,0,0,0,1,0,0,0,1,66.9,1,0,1,1,3,200.7,0,0,0,0,0,0,0,0,0,0,0,0,0,0,0,0,0,0,0,0,0,0,0,0
Pinellas,Oldsmar Police Department,"14,924",37,247.9,170,1139.1,209,1400.4,0,0,0,1,1,6.7,1,0,3,4,8,53.6,1,1,0,1,3,20.1,8,8,3,6,25,167.5,5,5,1,2,13,87.1,0,0,0,0,0,0,0,0,0,0,0,0,13,17,11,17,58,388.6,8,16,5,8,37,247.9,4,3,4,5,16,107.2,3,5,1,3,12,80.4,0,0,0,0,0,0,7,6,6,5,24,160.8,0,2,5,3,10,67,0,0,0,0,0,0,0,0,0,0,0,0,21,27,16,24,88,589.7,0,1,3,0,4,26.8,0,0,3,1,4,26.8,0,0,0,0,0,0,2,5,4,6,17,113.9,0,0,0,0,0,0,1,1,0,0,2,13.4,14,11,16,16,57,381.9,2,4,1,3,10,67,1,0,1,2,4,26.8,0,0,0,0,0,0,1,0,0,1,2,13.4,0,0,0,0,0,0,0,0,0,1,1,6.7,0,0,0,0,0,0,0,3,1,3,7,46.9,0,5,2,5,12,80.4,1,0,0,0,1,6.7,0,0,0,0,0,0,0,0,0,0,0,0,0,0,0,0,0,0
Pinellas,Redington Beaches Police Department,"1,375",1,72.7,11,800,21,1527.3,0,0,0,0,0,0,0,1,0,0,1,72.7,0,0,0,0,0,0,0,0,0,0,0,0,0,0,0,0,0,0,0,0,0,0,0,0,0,0,0,0,0,0,0,0,0,0,0,0,0,0,1,1,2,145.5,0,0,0,0,0,0,0,1,1,0,2,145.5,0,0,0,0,0,0,2,2,2,0,6,436.4,0,0,0,1,1,72.7,0,0,0,0,0,0,0,0,0,0,0,0,0,0,5,3,8,581.8,0,0,0,0,0,0,1,0,0,0,1,72.7,0,0,0,0,0,0,3,2,3,0,8,581.8,0,0,0,0,0,0,0,0,0,0,0,0,0,0,1,0,1,72.7,0,0,0,0,0,0,0,0,1,0,1,72.7,0,0,0,0,0,0,0,0,0,0,0,0,0,0,0,0,0,0,0,0,0,0,0,0,0,0,0,0,0,0,0,1,0,0,1,72.7,1,0,0,0,1,72.7,0,0,0,0,0,0,0,0,0,0,0,0,0,0,0,0,0,0,0,0,0,0,0,0
Pinellas,South Pasadena Police Department,"5,417",5,92.3,67,1236.8,106,1956.8,0,0,0,0,0,0,1,0,1,0,2,36.9,0,0,1,1,2,36.9,0,0,1,0,1,18.5,1,0,4,0,5,92.3,0,0,0,0,0,0,0,0,0,0,0,0,4,9,8,1,22,406.1,2,2,3,0,7,129.2,0,0,0,1,1,18.5,2,2,0,1,5,92.3,0,0,0,0,0,0,4,4,9,5,22,406.1,0,1,1,3,5,92.3,0,0,0,0,0,0,0,0,0,0,0,0,7,10,7,5,29,535.4,1,0,0,0,1,18.5,0,0,0,0,0,0,0,0,0,0,0,0,6,10,8,6,30,553.8,0,0,0,0,0,0,1,1,0,0,2,36.9,5,11,5,7,28,516.9,1,2,2,1,6,110.8,0,1,1,0,2,36.9,0,0,0,0,0,0,0,0,0,0,0,0,0,0,0,0,0,0,0,0,0,0,0,0,0,0,0,0,0,0,0,0,0,1,1,18.5,1,1,3,2,7,129.2,0,0,0,0,0,0,0,0,0,0,0,0,0,0,0,0,0,0,0,0,0,0,0,0
Pinellas,St. Pete Beach Police Department,"8,878",22,247.8,123,1385.4,302,3401.7,0,0,0,0,0,0,1,4,0,1,6,67.6,0,0,0,0,0,0,4,4,6,2,16,180.2,3,2,1,6,12,135.2,1,0,0,1,2,22.5,0,0,0,0,0,0,2,0,5,0,7,78.8,8,5,7,1,21,236.5,0,2,2,2,6,67.6,1,1,2,5,9,101.4,0,0,0,2,2,22.5,8,15,15,10,48,540.7,4,4,4,4,16,180.2,0,0,0,0,0,0,0,0,0,0,0,0,28,30,43,33,134,1509.3,0,0,0,0,0,0,1,1,2,1,5,56.3,2,0,0,0,2,22.5,16,19,19,17,71,799.7,0,0,0,0,0,0,4,1,0,1,6,67.6,16,13,16,14,59,664.6,0,1,1,1,3,33.8,1,0,0,0,1,11.3,0,0,0,0,0,0,0,0,1,0,1,11.3,1,0,1,0,2,22.5,2,1,1,0,4,45.1,0,0,0,0,0,0,0,2,3,1,6,67.6,1,1,3,3,8,90.1,0,0,0,0,0,0,0,0,0,0,0,0,0,0,0,0,0,0,0,0,0,0,0,0
Pinellas,Tarpon Springs Police Department,"25,752",53,205.8,312,1211.6,606,2353.2,1,0,0,0,1,3.9,1,4,3,2,10,38.8,2,2,2,4,10,38.8,5,16,5,6,32,124.3,3,7,8,4,22,85.4,0,0,0,0,0,0,0,0,0,0,0,0,4,20,18,14,56,217.5,13,7,9,10,39,151.4,3,8,9,6,26,101,1,1,3,2,7,27.2,0,0,0,0,0,0,34,29,41,35,139,539.8,4,2,10,7,23,89.3,0,0,0,0,0,0,1,1,1,0,3,11.6,70,49,78,50,247,959.1,0,1,0,1,2,7.8,7,5,10,1,23,89.3,2,1,1,1,5,19.4,30,33,50,46,159,617.4,0,0,0,0,0,0,0,0,0,0,0,0,19,23,22,19,83,322.3,3,4,7,3,17,66,0,1,3,0,4,15.5,0,0,0,0,0,0,0,2,1,2,5,19.4,1,0,0,0,1,3.9,3,2,4,3,12,46.6,0,0,0,0,0,0,6,7,4,8,25,97.1,2,7,6,4,19,73.8,0,0,0,0,0,0,0,0,0,0,0,0,0,0,0,0,0,0,0,1,0,0,1,3.9
Pinellas,Treasure Island Police Department,"6,586",24,364.4,129,1958.7,215,3264.5,0,0,0,0,0,0,2,0,0,2,4,60.7,1,2,0,2,5,75.9,3,2,6,4,15,227.8,1,3,3,6,13,197.4,0,0,0,0,0,0,0,0,1,0,1,15.2,1,13,7,10,31,470.7,3,10,3,3,19,288.5,0,0,0,3,3,45.6,6,6,5,1,18,273.3,0,0,0,0,0,0,7,6,6,18,37,561.8,1,4,1,1,7,106.3,0,0,0,0,0,0,0,0,0,0,0,0,28,33,29,34,124,1882.8,0,0,1,0,1,15.2,2,1,0,2,5,75.9,0,0,1,0,1,15.2,3,3,5,4,15,227.8,0,0,0,0,0,0,0,0,0,0,0,0,8,14,14,3,39,592.2,1,2,3,3,9,136.7,0,0,0,0,0,0,0,0,0,0,0,0,0,0,0,0,0,0,0,0,0,0,0,0,1,2,1,1,5,75.9,0,0,0,0,0,0,0,1,4,3,8,121.5,3,2,2,1,8,121.5,0,0,0,0,0,0,0,0,0,0,0,0,0,0,0,0,0,0,0,0,0,0,0,0
Putnam,Crescent City Police Department,"1,692",6,354.6,34,2009.5,53,3132.4,0,0,0,0,0,0,0,0,0,1,1,59.1,2,0,0,0,2,118.2,1,2,0,0,3,177.3,0,1,4,0,5,295.5,0,0,0,0,0,0,0,0,0,0,0,0,2,1,0,0,3,177.3,1,2,4,2,9,531.9,0,0,0,0,0,0,0,0,0,0,0,0,0,0,0,0,0,0,2,2,5,3,12,709.2,2,1,1,1,5,295.5,0,0,0,0,0,0,0,0,0,0,0,0,2,5,3,5,15,886.5,0,0,0,0,0,0,0,0,0,0,0,0,0,0,0,0,0,0,6,5,12,2,25,1477.5,0,0,0,0,0,0,0,0,0,0,0,0,0,1,0,0,1,59.1,0,1,1,0,2,118.2,0,0,0,0,0,0,0,0,0,0,0,0,0,0,0,0,0,0,0,0,0,0,0,0,0,5,2,0,7,413.7,0,0,0,0,0,0,2,0,1,0,3,177.3,0,0,0,0,0,0,0,0,0,0,0,0,0,0,0,0,0,0,0,0,0,0,0,0,0,0,0,0,0,0
Putnam,Palatka Police Department,"10,529",82,778.8,373,3542.6,469,4454.4,0,1,0,0,1,9.5,0,1,0,1,2,19,2,4,5,7,18,171,21,15,14,11,61,579.4,5,7,2,3,17,161.5,0,0,0,0,0,0,0,0,1,0,1,9.5,57,39,43,43,182,1728.6,7,5,17,7,36,341.9,3,1,7,4,15,142.5,1,2,9,1,13,123.5,0,0,2,3,5,47.5,13,18,25,23,79,750.3,8,8,3,6,25,237.4,0,0,0,0,0,0,0,0,1,0,1,9.5,42,52,37,34,165,1567.1,0,0,0,0,0,0,0,0,0,0,0,0,0,0,0,0,0,0,64,57,54,39,214,2032.5,0,0,0,0,0,0,0,0,0,0,0,0,9,7,10,5,31,294.4,1,0,0,1,2,19,0,0,0,0,0,0,0,0,0,0,0,0,0,0,0,0,0,0,0,0,0,0,0,0,2,2,2,4,10,95,0,0,0,0,0,0,13,14,6,11,44,417.9,0,0,0,0,0,0,0,0,0,0,0,0,0,0,0,0,0,0,0,0,0,0,0,0,0,0,2,0,2,19
Putnam,Putnam County Sheriff's Office,"59,835",95,158.8,486,812.2,"1,196",1998.8,1,0,0,0,1,1.7,5,7,3,3,18,30.1,1,0,0,1,2,3.3,20,12,21,21,74,123.7,29,35,26,14,104,173.8,0,0,0,0,0,0,0,0,0,0,0,0,4,4,9,4,21,35.1,12,19,9,8,48,80.2,4,5,5,4,18,30.1,3,2,3,2,10,16.7,0,0,0,0,0,0,42,60,51,35,188,314.2,22,28,23,24,97,162.1,0,0,0,0,0,0,1,0,0,0,1,1.7,117,129,112,88,446,745.4,0,0,0,1,1,1.7,6,4,2,1,13,21.7,1,2,3,3,9,15,82,120,198,179,579,967.7,0,0,0,0,0,0,0,0,0,0,0,0,7,4,0,2,13,21.7,2,4,2,3,11,18.4,0,0,0,0,0,0,0,5,0,0,5,8.4,0,1,0,1,2,3.3,0,0,0,0,0,0,10,12,13,9,44,73.5,0,0,0,0,0,0,7,20,19,19,65,108.6,0,0,0,0,0,0,0,0,0,0,0,0,0,0,0,0,0,0,0,0,0,0,0,0,1,2,2,2,7,11.7
Sarasota,Sarasota County Sheriff's Office,"282,572",430,152.2,"3,471",1228.4,"4,148",1467.9,1,2,1,0,4,1.4,8,12,13,5,38,13.4,9,6,11,10,36,12.7,89,84,89,90,352,124.6,109,95,109,97,410,145.1,1,1,0,0,2,0.7,0,0,0,1,1,0.4,179,187,173,187,726,256.9,136,173,106,140,555,196.4,30,34,31,37,132,46.7,98,107,118,110,433,153.2,1,0,4,1,6,2.1,219,228,184,184,815,288.4,97,104,92,98,391,138.4,0,0,0,0,0,0,0,0,1,3,4,1.4,346,401,364,328,"1,439",509.3,0,0,0,0,0,0,21,10,8,11,50,17.7,5,0,1,6,12,4.2,257,278,295,267,"1,097",388.2,0,0,0,0,0,0,15,9,10,5,39,13.8,238,235,238,206,917,324.5,40,22,26,25,113,40,5,8,3,3,19,6.7,0,0,0,0,0,0,7,0,1,6,14,5,9,5,1,3,18,6.4,37,37,54,40,168,59.5,0,0,0,0,0,0,6,1,0,1,8,2.8,53,39,67,70,229,81,0,0,0,3,3,1.1,0,0,0,0,0,0,0,0,0,0,0,0,6,4,4,4,18,6.4
St. Johns,St. Augustine Beach Police Department,"6,914",3,43.4,44,636.4,120,1735.6,0,0,0,0,0,0,0,0,0,0,0,0,0,1,0,0,1,14.5,0,1,0,1,2,28.9,1,0,2,1,4,57.9,0,0,0,0,0,0,0,0,0,0,0,0,0,1,0,0,1,14.5,2,0,1,0,3,43.4,1,0,0,0,1,14.5,1,0,0,0,1,14.5,0,0,0,0,0,0,10,6,13,5,34,491.8,0,0,0,0,0,0,0,0,0,0,0,0,0,0,0,0,0,0,0,2,2,1,5,72.3,0,0,0,0,0,0,0,0,0,0,0,0,0,0,0,0,0,0,13,20,18,18,69,998,0,0,0,0,0,0,0,0,0,0,0,0,3,4,7,2,16,231.4,0,2,0,2,4,57.9,0,0,0,0,0,0,0,0,0,0,0,0,0,0,0,0,0,0,0,0,0,0,0,0,5,4,6,7,22,318.2,0,0,0,0,0,0,1,1,0,0,2,28.9,0,2,0,0,2,28.9,0,0,0,0,0,0,0,0,0,0,0,0,0,0,0,0,0,0,0,0,0,0,0,0
St. Johns,St. Augustine Police Department,"15,346",56,364.9,439,2860.7,407,2652.2,0,0,0,0,0,0,3,2,0,2,7,45.6,1,4,1,1,7,45.6,15,7,12,8,42,273.7,9,21,19,13,62,404,0,0,0,0,0,0,0,0,0,0,0,0,4,3,5,10,22,143.4,8,16,4,14,42,273.7,0,0,0,0,0,0,3,1,0,2,6,39.1,0,0,0,0,0,0,64,70,90,62,286,1863.7,4,5,4,8,21,136.8,0,0,0,0,0,0,0,1,0,0,1,6.5,17,9,17,39,82,534.3,0,0,0,0,0,0,0,0,0,0,0,0,0,0,2,0,2,13,31,32,31,36,130,847.1,0,0,0,0,0,0,0,0,0,0,0,0,9,15,9,10,43,280.2,3,5,7,5,20,130.3,0,1,0,1,2,13,0,0,0,0,0,0,0,0,0,0,0,0,0,1,0,1,2,13,22,36,28,22,108,703.8,0,0,0,0,0,0,5,1,6,1,13,84.7,0,2,2,0,4,26.1,0,0,0,0,0,0,0,0,0,0,0,0,0,0,0,0,0,0,0,0,0,0,0,0
St. Johns,St. Johns County Sheriff's Office,"274,659",174,63.4,740,269.4,"1,152",419.4,0,0,0,0,0,0,3,3,5,5,16,5.8,1,0,3,2,6,2.2,54,35,31,32,152,55.3,44,26,26,17,113,41.1,0,0,0,0,0,0,0,0,0,0,0,0,81,55,25,13,174,63.4,28,12,4,3,47,17.1,4,1,6,1,12,4.4,5,1,2,2,10,3.6,0,0,0,0,0,0,133,120,94,24,371,135.1,9,1,3,0,13,4.7,0,0,0,0,0,0,3,0,0,0,3,1.1,62,54,68,76,260,94.7,0,0,0,0,0,0,0,0,0,0,0,0,3,4,2,4,13,4.7,180,112,116,47,455,165.7,0,0,0,0,0,0,0,0,0,0,0,0,78,28,3,3,112,40.8,7,1,1,0,9,3.3,2,1,3,0,6,2.2,0,0,0,0,0,0,1,1,0,0,2,0.7,2,0,0,0,2,0.7,114,91,49,8,262,95.4,0,0,0,0,0,0,11,1,2,2,16,5.8,1,0,0,2,3,1.1,2,0,0,0,2,0.7,0,0,0,0,0,0,0,0,0,0,0,0,1,1,2,3,7,2.5
Walton,Walton County Sheriff's Office,"73,599",123,167.1,218,296.2,"1,069",1452.5,0,0,0,0,0,0,11,12,10,5,38,51.6,2,5,1,0,8,10.9,17,13,23,24,77,104.6,12,4,7,4,27,36.7,0,0,0,0,0,0,0,0,0,1,1,1.4,33,32,21,26,112,152.2,0,2,0,0,2,2.7,3,4,0,0,7,9.5,8,4,4,2,18,24.5,1,0,0,0,1,1.4,7,9,14,8,38,51.6,6,4,0,2,12,16.3,0,0,0,0,0,0,0,0,0,0,0,0,122,141,111,103,477,648.1,1,4,3,2,10,13.6,12,6,7,9,34,46.2,4,0,2,2,8,10.9,78,108,74,71,331,449.7,0,0,1,0,1,1.4,0,0,0,0,0,0,8,8,7,6,29,39.4,7,2,2,2,13,17.7,0,0,0,0,0,0,30,0,1,0,31,42.1,8,3,3,1,15,20.4,0,0,2,0,2,2.7,17,23,27,14,81,110.1,0,0,0,0,0,0,7,8,8,7,30,40.8,0,0,0,1,1,1.4,0,0,1,0,1,1.4,1,0,0,0,1,1.4,0,0,0,0,0,0,0,3,1,0,4,5.4
